# time, f
0.000000000000000000e+00,-1.094237456839222411e-01
2.001000500250125214e+01,-1.094240810566412675e-01
4.002001000500250427e+01,-1.094246591359620685e-01
6.003001500750375641e+01,-1.094256679388470738e-01
8.004002001000500854e+01,-1.094274540341372837e-01
1.000500250125062536e+02,-1.094306859002590476e-01
1.200600300150075128e+02,-1.094367609617726417e-01
1.400700350175087578e+02,-1.094490712311525227e-01
1.600800400200100171e+02,-1.094787610095934727e-01
1.800900450225112479e+02,-1.096132115317572653e-01
2.001000500250125071e+02,-1.123295816205389652e-01
2.201100550275137380e+02,-1.241899086627548249e-01
2.401200600300150256e+02,-1.445180748777757096e-01
2.601300650325162565e+02,-1.582537236640229328e-01
2.801400700350175157e+02,-1.635043195823388806e-01
3.001500750375187749e+02,-1.646494921312359749e-01
3.201600800400200342e+02,-1.651685886137803372e-01
3.401700850425212366e+02,-1.662078337373996684e-01
3.601800900450224958e+02,-1.670749332379685703e-01
3.801900950475236982e+02,-1.683122880707531854e-01
4.002001000500250143e+02,-1.701358874966734380e-01
4.202101050525262735e+02,-1.714587411852973586e-01
4.402201100550274759e+02,-1.719042993261291064e-01
4.602301150575287352e+02,-1.726428261205618930e-01
4.802401200600300513e+02,-1.738323995330882943e-01
5.002501250625312537e+02,-1.746462008823742862e-01
5.202601300650325129e+02,-1.756778138816298129e-01
5.402701350675338290e+02,-1.765480849193692414e-01
5.602801400700350314e+02,-1.774394334791132288e-01
5.802901450725362338e+02,-1.780038124367354646e-01
6.003001500750375499e+02,-1.781945397675872844e-01
6.203101550775387523e+02,-1.783219025616475106e-01
6.403201600800400684e+02,-1.784502545767188142e-01
6.603301650825412707e+02,-1.786127688658002144e-01
6.803401700850424731e+02,-1.788925273321455012e-01
7.003501750875437892e+02,-1.796519821246368165e-01
7.203601800900449916e+02,-1.798672311771096211e-01
7.403701850925463077e+02,-1.799599668526077612e-01
7.603801900950473964e+02,-1.800405761156934070e-01
7.803901950975487125e+02,-1.801246086142476166e-01
8.004002001000500286e+02,-1.802162888568575039e-01
8.204102051025512310e+02,-1.803185763784908302e-01
8.404202101050525471e+02,-1.804354633415706788e-01
8.604302151075538632e+02,-1.805729030963685866e-01
8.804402201100549519e+02,-1.807401117201276608e-01
9.004502251125562680e+02,-1.809613473238068648e-01
9.204602301150574704e+02,-1.814160024802970450e-01
9.404702351175587864e+02,-1.820917261047036162e-01
9.604802401200601025e+02,-1.823450873850512022e-01
9.804902451225613049e+02,-1.825484489022799472e-01
1.000500250125062507e+03,-1.827833088705868581e-01
1.020510255127563710e+03,-1.832017408476380727e-01
1.040520260130065026e+03,-1.839762034489502984e-01
1.060530265132566228e+03,-1.842301695138308659e-01
1.080540270135067658e+03,-1.844110298525469260e-01
1.100550275137568860e+03,-1.846162298312144234e-01
1.120560280140070063e+03,-1.849719734742339416e-01
1.140570285142571265e+03,-1.857182402523354925e-01
1.160580290145072468e+03,-1.859672217374201686e-01
1.180590295147573897e+03,-1.861226603503789989e-01
1.200600300150075100e+03,-1.862727768156263175e-01
1.220610305152576302e+03,-1.864445978885332367e-01
1.240620310155077505e+03,-1.866589964266033297e-01
1.260630315157578707e+03,-1.869692565794534023e-01
1.280640320160080137e+03,-1.878271381044135102e-01
1.300650325162581339e+03,-1.882348655147157990e-01
1.320660330165082541e+03,-1.884440948028643648e-01
1.340670335167583971e+03,-1.887245638987105067e-01
1.360680340170084946e+03,-1.894976094190287674e-01
1.380690345172586376e+03,-1.898397863976066802e-01
1.400700350175087578e+03,-1.899966991181056275e-01
1.420710355177588781e+03,-1.901405285185210070e-01
1.440720360180089983e+03,-1.903302261549469632e-01
1.460730365182591186e+03,-1.907674956405806810e-01
1.480740370185092615e+03,-1.912379040334969138e-01
1.500750375187593818e+03,-1.919161106887830315e-01
1.520760380190094793e+03,-1.927425918305347152e-01
1.540770385192596223e+03,-1.930800183503975920e-01
1.560780390195097425e+03,-1.933415502169216760e-01
1.580790395197598855e+03,-1.935986148771268178e-01
1.600800400200100057e+03,-1.939089785227862128e-01
1.620810405202601487e+03,-1.946504340433471147e-01
1.640820410205102462e+03,-1.950860429562119303e-01
1.660830415207603664e+03,-1.952603615866597142e-01
1.680840420210105094e+03,-1.953788388388244257e-01
1.700850425212606297e+03,-1.954817649021509951e-01
1.720860430215107726e+03,-1.955810225034728678e-01
1.740870435217608701e+03,-1.956825148301288564e-01
1.760880440220109904e+03,-1.957923657920826732e-01
1.780890445222611334e+03,-1.959188864999047430e-01
1.800900450225112536e+03,-1.960766350935603530e-01
1.820910455227613966e+03,-1.963182913654062667e-01
1.840920460230114941e+03,-1.970475450809885953e-01
1.860930465232616370e+03,-1.973558039151291355e-01
1.880940470235117573e+03,-1.974466304547855267e-01
1.900950475237618775e+03,-1.974946063185791245e-01
1.920960480240120205e+03,-1.975326576374101806e-01
1.940970485242621180e+03,-1.975688428238072947e-01
1.960980490245122610e+03,-1.976054083460163924e-01
1.980990495247623812e+03,-1.976431494204032857e-01
2.001000500250125015e+03,-1.976824853453733322e-01
2.021010505252626444e+03,-1.977237444091304308e-01
2.041020510255127419e+03,-1.977672445086512132e-01
2.061030515257628849e+03,-1.978133107013779757e-01
2.081040520260130052e+03,-1.978622758343942800e-01
2.101050525262631254e+03,-1.979144856564730715e-01
2.121060530265132456e+03,-1.979703093073904852e-01
2.141070535267633659e+03,-1.980301483860260892e-01
2.161080540270135316e+03,-1.980944691423480730e-01
2.181090545272636064e+03,-1.981638966119930179e-01
2.201100550275137721e+03,-1.982393619141736840e-01
2.221110555277638923e+03,-1.983223080434663721e-01
2.241120560280140126e+03,-1.984148934454108837e-01
2.261130565282641328e+03,-1.985200795561754827e-01
2.281140570285142530e+03,-1.986420770491267307e-01
2.301150575287643733e+03,-1.987886464685089394e-01
2.321160580290144935e+03,-1.989776844552812451e-01
2.341170585292646138e+03,-1.992757766831126653e-01
2.361180590295147795e+03,-2.000799123420480830e-01
2.381190595297648542e+03,-2.003773324138934664e-01
2.401200600300150199e+03,-2.005072750857605501e-01
2.421210605302651402e+03,-2.006146309923284021e-01
2.441220610305152604e+03,-2.007341802228108096e-01
2.461230615307653807e+03,-2.008908679915913931e-01
2.481240620310155009e+03,-2.011725187387719271e-01
2.501250625312656211e+03,-2.018886249695327761e-01
2.521260630315157414e+03,-2.021003123457618955e-01
2.541270635317659071e+03,-2.021849585666146698e-01
2.561280640320160273e+03,-2.022344136930070702e-01
2.581290645322661021e+03,-2.022724154494791593e-01
2.601300650325162678e+03,-2.023070251456724755e-01
2.621310655327663881e+03,-2.023412420330950867e-01
2.641320660330165083e+03,-2.023763049802174141e-01
2.661330665332666285e+03,-2.024129609744445002e-01
2.681340670335167943e+03,-2.024519928393161416e-01
2.701350675337668690e+03,-2.024943938808354549e-01
2.721360680340169893e+03,-2.025412763883288891e-01
2.741370685342671550e+03,-2.025936274242547130e-01
2.761380690345172752e+03,-2.026522920260275251e-01
2.781390695347673500e+03,-2.027185313800868582e-01
2.801400700350175157e+03,-2.027949400190688645e-01
2.821410705352676359e+03,-2.028863194084809252e-01
2.841420710355177562e+03,-2.030008438332064902e-01
2.861430715357678764e+03,-2.031582175420110770e-01
2.881440720360179967e+03,-2.034455705310222184e-01
2.901450725362681624e+03,-2.042220422040872674e-01
2.921460730365182371e+03,-2.044037983896677679e-01
2.941470735367684028e+03,-2.044480479280980367e-01
2.961480740370185231e+03,-2.044657481987790237e-01
2.981490745372685979e+03,-2.044761638689933658e-01
3.001500750375187636e+03,-2.044841758479780391e-01
3.021510755377688838e+03,-2.044912387781294139e-01
3.041520760380189586e+03,-2.044978386732258513e-01
3.061530765382691243e+03,-2.045041663243398200e-01
3.081540770385192445e+03,-2.045103154341214313e-01
3.101550775387694102e+03,-2.045163437681937479e-01
3.121560780390194850e+03,-2.045222932682589922e-01
3.141570785392696507e+03,-2.045281973411758047e-01
3.161580790395197710e+03,-2.045340838585497645e-01
3.181590795397698457e+03,-2.045399765491522914e-01
3.201600800400200114e+03,-2.045458956875467194e-01
3.221610805402701317e+03,-2.045518584318915534e-01
3.241620810405202974e+03,-2.045578789951356946e-01
3.261630815407703722e+03,-2.045639687833142872e-01
3.281640820410204924e+03,-2.045701366098312546e-01
3.301650825412706581e+03,-2.045763890578785327e-01
3.321660830415207329e+03,-2.045827310061259230e-01
3.341670835417708986e+03,-2.045891662708716474e-01
3.361680840420210188e+03,-2.045956982771377497e-01
3.381690845422710936e+03,-2.046023306675462117e-01
3.401700850425212593e+03,-2.046090677841331529e-01
3.421710855427713796e+03,-2.046159149918197473e-01
3.441720860430215453e+03,-2.046228788327192349e-01
3.461730865432716200e+03,-2.046299670021251571e-01
3.481740870435217403e+03,-2.046371881295598882e-01
3.501750875437719060e+03,-2.046445513515111614e-01
3.521760880440219807e+03,-2.046520656997301568e-01
3.541770885442721465e+03,-2.046597394146031923e-01
3.561780890445222667e+03,-2.046675794087725597e-01
3.581790895447724324e+03,-2.046755911780718529e-01
3.601800900450225072e+03,-2.046837793791899673e-01
3.621810905452726274e+03,-2.046921490283888090e-01
3.641820910455227931e+03,-2.047007069465211770e-01
3.661830915457728679e+03,-2.047094628983728015e-01
3.681840920460229881e+03,-2.047184299529500040e-01
3.701850925462731539e+03,-2.047276238375217716e-01
3.721860930465232741e+03,-2.047370613429450592e-01
3.741870935467733943e+03,-2.047467581462443786e-01
3.761880940470235146e+03,-2.047567267800380619e-01
3.781890945472736348e+03,-2.047669757479740893e-01
3.801900950475237551e+03,-2.047775105789436667e-01
3.821910955477738753e+03,-2.047883367425161749e-01
3.841920960480240410e+03,-2.047994633292510858e-01
3.861930965482741158e+03,-2.048109060758101785e-01
3.881940970485242360e+03,-2.048226888316463379e-01
3.901950975487744017e+03,-2.048348432423180432e-01
3.921960980490245220e+03,-2.048474066832425833e-01
3.941970985492746422e+03,-2.048604184262159400e-01
3.961980990495247624e+03,-2.048739142727871720e-01
3.981990995497748827e+03,-2.048879210109377791e-01
4.002001000500250029e+03,-2.049024536132708352e-01
4.022011005502751232e+03,-2.049175179831073390e-01
4.042021010505252889e+03,-2.049331185852956427e-01
4.062031015507754091e+03,-2.049492659879358081e-01
4.082041020510254839e+03,-2.049659788280047967e-01
4.102051025512756496e+03,-2.049832785641481636e-01
4.122061030515257698e+03,-2.050011808088226528e-01
4.142071035517758901e+03,-2.050196912284160122e-01
4.162081040520260103e+03,-2.050388125310496912e-01
4.182091045522761306e+03,-2.050585599677118009e-01
4.202101050525262508e+03,-2.050789747077289560e-01
4.222111055527763710e+03,-2.051001261604830650e-01
4.242121060530264913e+03,-2.051221020333089673e-01
4.262131065532767025e+03,-2.051449933980693530e-01
4.282141070535267318e+03,-2.051688883279813025e-01
4.302151075537768520e+03,-2.051938801602123108e-01
4.322161080540270632e+03,-2.052200747218006771e-01
4.342171085542770925e+03,-2.052475786243271594e-01
4.362181090545272127e+03,-2.052764861489285997e-01
4.382191095547774239e+03,-2.053069080833856697e-01
4.402201100550275441e+03,-2.053390369676889315e-01
4.422211105552776644e+03,-2.053731744644848867e-01
4.442221110555277846e+03,-2.054096769693443125e-01
4.462231115557779049e+03,-2.054488785875785983e-01
4.482241120560280251e+03,-2.054911147194293242e-01
4.502251125562781453e+03,-2.055368196905409672e-01
4.522261130565282656e+03,-2.055865141651255779e-01
4.542271135567783858e+03,-2.056408699228305104e-01
4.562281140570285061e+03,-2.057010838673915820e-01
4.582291145572786263e+03,-2.057690385434174374e-01
4.602301150575287465e+03,-2.058472010960641363e-01
4.622311155577788668e+03,-2.059392041580072052e-01
4.642321160580289870e+03,-2.060524547832771614e-01
4.662331165582791982e+03,-2.062073048049606894e-01
4.682341170585292275e+03,-2.064932243214370744e-01
4.702351175587793477e+03,-2.072190150216906557e-01
4.722361180590295589e+03,-2.074151505285629360e-01
4.742371185592796792e+03,-2.074854254868960246e-01
4.762381190595297085e+03,-2.075179973514700571e-01
4.782391195597799197e+03,-2.075357968357734451e-01
4.802401200600300399e+03,-2.075472561654827519e-01
4.822411205602801601e+03,-2.075558374660989025e-01
4.842421210605302804e+03,-2.075630495594768810e-01
4.862431215607804006e+03,-2.075695797986659152e-01
4.882441220610305209e+03,-2.075757543054954080e-01
4.902451225612806411e+03,-2.075817350051948895e-01
4.922461230615307613e+03,-2.075876070399874929e-01
4.942471235617808816e+03,-2.075934185457777026e-01
4.962481240620310018e+03,-2.075991991165301032e-01
4.982491245622811221e+03,-2.076049685408727918e-01
5.002501250625312423e+03,-2.076107410319644186e-01
5.022511255627813625e+03,-2.076165273434154301e-01
5.042521260630314828e+03,-2.076223358827528620e-01
5.062531265632816030e+03,-2.076281733449540368e-01
5.082541270635318142e+03,-2.076340451137796694e-01
5.102551275637818435e+03,-2.076399555480015757e-01
5.122561280640320547e+03,-2.076459082061861972e-01
5.142571285642821749e+03,-2.076519060325593136e-01
5.162581290645322042e+03,-2.076579515116272756e-01
5.182591295647824154e+03,-2.076640467930708778e-01
5.202601300650325356e+03,-2.076701937870123749e-01
5.222611305652826559e+03,-2.076763942308000044e-01
5.242621310655327761e+03,-2.076826497305106489e-01
5.262631315657828054e+03,-2.076889617825159462e-01
5.282641320660330166e+03,-2.076953317820958156e-01
5.302651325662831368e+03,-2.077017610268500070e-01
5.322661330665332571e+03,-2.077082507223258212e-01
5.342671335667833773e+03,-2.077148019957773539e-01
5.362681340670335885e+03,-2.077214159214559874e-01
5.382691345672837087e+03,-2.077280935577202337e-01
5.402701350675337380e+03,-2.077348359932241761e-01
5.422711355677838583e+03,-2.077416443972249782e-01
5.442721360680339785e+03,-2.077485200681983279e-01
5.462731365682840988e+03,-2.077554644756052227e-01
5.482741370685343099e+03,-2.077624792915078733e-01
5.502751375687844302e+03,-2.077695664111399443e-01
5.522761380690345504e+03,-2.077767279637944275e-01
5.542771385692845797e+03,-2.077839663169591400e-01
5.562781390695347000e+03,-2.077912840772801195e-01
5.582791395697849111e+03,-2.077986840917270539e-01
5.602801400700350314e+03,-2.078061694515412894e-01
5.622811405702851516e+03,-2.078137435004598632e-01
5.642821410705352719e+03,-2.078214098475434646e-01
5.662831415707854831e+03,-2.078291723837618621e-01
5.682841420710355123e+03,-2.078370353002456927e-01
5.702851425712856326e+03,-2.078450031047134328e-01
5.722861430715357528e+03,-2.078530806310218970e-01
5.742871435717858731e+03,-2.078612730352454585e-01
5.762881440720359933e+03,-2.078695857705772920e-01
5.782891445722862045e+03,-2.078780245332893239e-01
5.802901450725363247e+03,-2.078865951737389473e-01
5.822911455727863540e+03,-2.078953035705946584e-01
5.842921460730364743e+03,-2.079041554731859698e-01
5.862931465732865945e+03,-2.079131563252497039e-01
5.882941470735368057e+03,-2.079223110910299599e-01
5.902951475737869259e+03,-2.079316241083675743e-01
5.922961480740370462e+03,-2.079410989901714912e-01
5.942971485742870755e+03,-2.079507385852245038e-01
5.962981490745371957e+03,-2.079605449953117469e-01
5.982991495747874069e+03,-2.079705196346635643e-01
6.003001500750375271e+03,-2.079806633153891970e-01
6.023011505752876474e+03,-2.079909763502144349e-01
6.043021510755377676e+03,-2.080014586771651020e-01
6.063031515757879788e+03,-2.080121100220299057e-01
6.083041520760379171e+03,-2.080229301158185995e-01
6.103051525762881283e+03,-2.080339189724234872e-01
6.123061530765382486e+03,-2.080450772095898959e-01
6.143071535767883688e+03,-2.080564063737532776e-01
6.163081540770384890e+03,-2.080679092175202194e-01
6.183091545772887002e+03,-2.080795898838087299e-01
6.203101550775388205e+03,-2.080914539709313449e-01
6.223111555777888498e+03,-2.081035084800484658e-01
6.243121560780389700e+03,-2.081157616709728153e-01
6.263131565782890902e+03,-2.081282228671361145e-01
6.283141570785393014e+03,-2.081409022522539010e-01
6.303151575787894217e+03,-2.081538106904408658e-01
6.323161580790395419e+03,-2.081669595824963970e-01
6.343171585792896622e+03,-2.081803607497918207e-01
6.363181590795396914e+03,-2.081940263181039918e-01
6.383191595797899026e+03,-2.082079685583962947e-01
6.403201600800400229e+03,-2.082221996327253133e-01
6.423211605802901431e+03,-2.082367312023871431e-01
6.443221610805402634e+03,-2.082515739021006673e-01
6.463231615807904745e+03,-2.082667367796249558e-01
6.483241620810405948e+03,-2.082822269148422167e-01
6.503251625812906241e+03,-2.082980494795673154e-01
6.523261630815407443e+03,-2.083142083847999981e-01
6.543271635817908646e+03,-2.083307073911066787e-01
6.563281640820409848e+03,-2.083475512863816326e-01
6.583291645822911960e+03,-2.083647466584471197e-01
6.603301650825413162e+03,-2.083823019695918433e-01
6.623311655827914365e+03,-2.084002269775748206e-01
6.643321660830414658e+03,-2.084185318925076968e-01
6.663331665832915860e+03,-2.084372268747901324e-01
6.683341670835417972e+03,-2.084563224396989434e-01
6.703351675837919174e+03,-2.084758309873728788e-01
6.723361680840420377e+03,-2.084957691637801813e-01
6.743371685842921579e+03,-2.085161603649570705e-01
6.763381690845421872e+03,-2.085370366019511368e-01
6.783391695847923984e+03,-2.085584390736271443e-01
6.803401700850425186e+03,-2.085804169749856662e-01
6.823411705852926389e+03,-2.086030242650334099e-01
6.843421710855427591e+03,-2.086263145179256817e-01
6.863431715857928793e+03,-2.086503348603910013e-01
6.883441720860430905e+03,-2.086751213020137941e-01
6.903451725862931198e+03,-2.087006985256754932e-01
6.923461730865432401e+03,-2.087270858485807956e-01
6.943471735867933603e+03,-2.087543074945001631e-01
6.963481740870434805e+03,-2.087824022385853240e-01
6.983491745872936917e+03,-2.088114277392435769e-01
7.003501750875438120e+03,-2.088414584043802313e-01
7.023511755877939322e+03,-2.088725802798427067e-01
7.043521760880439615e+03,-2.089048893230901760e-01
7.063531765882940817e+03,-2.089384976986162767e-01
7.083541770885442929e+03,-2.089735462602554106e-01
7.103551775887944132e+03,-2.090102142032675692e-01
7.123561780890445334e+03,-2.090487153149479249e-01
7.143571785892946536e+03,-2.090892807336083015e-01
7.163581790895448648e+03,-2.091321475628006854e-01
7.183591795897948032e+03,-2.091775798813185760e-01
7.203601800900450144e+03,-2.092259294738442743e-01
7.223611805902951346e+03,-2.092777093692059776e-01
7.243621810905452548e+03,-2.093336411979824230e-01
7.263631815907953751e+03,-2.093946885506660638e-01
7.283641820910455863e+03,-2.094621509532315073e-01
7.303651825912957065e+03,-2.095379253017399523e-01
7.323661830915457358e+03,-2.096251580303154782e-01
7.343671835917958560e+03,-2.097301365525251204e-01
7.363681840920459763e+03,-2.098685426412752741e-01
7.383691845922961875e+03,-2.101057902572797953e-01
7.403701850925463077e+03,-2.107699542153336492e-01
7.423711855927964280e+03,-2.109988963823495323e-01
7.443721860930465482e+03,-2.111081814390148859e-01
7.463731865932965775e+03,-2.111768388578244282e-01
7.483741870935467887e+03,-2.112242774348123131e-01
7.503751875937969089e+03,-2.112596923713292996e-01
7.523761880940470292e+03,-2.112882445754975247e-01
7.543771885942971494e+03,-2.113129698645249965e-01
7.563781890945472696e+03,-2.113356873120713353e-01
7.583791895947972989e+03,-2.113574958592143449e-01
7.603801900950475101e+03,-2.113790592451958994e-01
7.623811905952976304e+03,-2.114007742087320452e-01
7.643821910955477506e+03,-2.114228728202279806e-01
7.663831915957978708e+03,-2.114454867844940134e-01
7.683841920960480820e+03,-2.114686891347557773e-01
7.703851925962982023e+03,-2.114925232023805723e-01
7.723861930965482316e+03,-2.115170260344834408e-01
7.743871935967983518e+03,-2.115422496315777501e-01
7.763881940970484720e+03,-2.115682789680149722e-01
7.783891945972986832e+03,-2.115952438083458231e-01
7.803901950975488035e+03,-2.116233217338975015e-01
7.823911955977989237e+03,-2.116527301070564027e-01
7.843921960980490439e+03,-2.116837051246892865e-01
7.863931965982990732e+03,-2.117164700642793496e-01
7.883941970985492844e+03,-2.117512037996100438e-01
7.903951975987994047e+03,-2.117880279148086076e-01
7.923961980990495249e+03,-2.118270250086569384e-01
7.943971985992996451e+03,-2.118682882940312595e-01
7.963981990995497654e+03,-2.119120079836988302e-01
7.983991995997999766e+03,-2.119586018703424057e-01
8.004002001000500059e+03,-2.120088520081247208e-01
8.024012006003001261e+03,-2.120639547271705727e-01
8.044022011005502463e+03,-2.121254019421390802e-01
8.064032016008003666e+03,-2.121948196564157896e-01
8.084042021010505778e+03,-2.122742492693238114e-01
8.104052026013006980e+03,-2.123676657341542484e-01
8.124062031015508182e+03,-2.124852762582812027e-01
8.144072036018008475e+03,-2.126557682277822048e-01
8.164082041020509678e+03,-2.131046191731620632e-01
8.184092046023011790e+03,-2.136259483339268961e-01
8.204102051025512992e+03,-2.137738136734247396e-01
8.224112056028014194e+03,-2.138524050162519952e-01
8.244122061030515397e+03,-2.138992302084709585e-01
8.264132066033016599e+03,-2.139282667756031986e-01
8.284142071035517802e+03,-2.139469387519692678e-01
8.304152076038019004e+03,-2.139594887973837178e-01
8.324162081040520206e+03,-2.139683821601247593e-01
8.344172086043021409e+03,-2.139750641479523374e-01
8.364182091045522611e+03,-2.139803906346677553e-01
8.384192096048023814e+03,-2.139848745315679479e-01
8.404202101050525016e+03,-2.139888273073353997e-01
8.424212106053026218e+03,-2.139924407419397934e-01
8.444222111055527421e+03,-2.139958346064851913e-01
8.464232116058028623e+03,-2.139990847991556644e-01
8.484242121060529826e+03,-2.140022401598534185e-01
8.504252126063031028e+03,-2.140053326461867078e-01
8.524262131065534049e+03,-2.140083835654636446e-01
8.544272136068033433e+03,-2.140114074333042127e-01
8.564282141070534635e+03,-2.140144143869035231e-01
8.584292146073035838e+03,-2.140174117086477978e-01
8.604302151075537040e+03,-2.140204047969182233e-01
8.624312156078038242e+03,-2.140233977904295870e-01
8.644322161080541264e+03,-2.140263939736210819e-01
8.664332166083042466e+03,-2.140293960424567432e-01
8.684342171085541850e+03,-2.140324062802775318e-01
8.704352176088043052e+03,-2.140354266748903667e-01
8.724362181090544254e+03,-2.140384589965641238e-01
8.744372186093047276e+03,-2.140415048494214156e-01
8.764382191095548478e+03,-2.140445657042746030e-01
8.784392196098049681e+03,-2.140476429182484874e-01
8.804402201100550883e+03,-2.140507377449480386e-01
8.824412206103050266e+03,-2.140538513380499386e-01
8.844422211105553288e+03,-2.140569847507444168e-01
8.864432216108054490e+03,-2.140601389332286164e-01
8.884442221110555693e+03,-2.140633147302908601e-01
8.904452226113056895e+03,-2.140665128808079687e-01
8.924462231115558097e+03,-2.140697340206179355e-01
8.944472236118059300e+03,-2.140729786896986286e-01
8.964482241120560502e+03,-2.140762473439003222e-01
8.984492246123061705e+03,-2.140795403707333178e-01
9.004502251125562907e+03,-2.140828581080191362e-01
9.024512256128064109e+03,-2.140862008637038905e-01
9.044522261130565312e+03,-2.140895689348944753e-01
9.064532266133066514e+03,-2.140929626242528139e-01
9.084542271135567717e+03,-2.140963822522337079e-01
9.104552276138068919e+03,-2.140998281642016443e-01
9.124562281140570121e+03,-2.141033007321040127e-01
9.144572286143071324e+03,-2.141068003510160356e-01
9.164582291145572526e+03,-2.141103274314309635e-01
9.184592296148073729e+03,-2.141138823885939402e-01
9.204602301150574931e+03,-2.141174656304469792e-01
9.224612306153076133e+03,-2.141210775458454452e-01
9.244622311155577336e+03,-2.141247184946166726e-01
9.264632316158078538e+03,-2.141283888007698699e-01
9.284642321160579741e+03,-2.141320887497413505e-01
9.304652326163080943e+03,-2.141358185900400779e-01
9.324662331165583964e+03,-2.141395785390946549e-01
9.344672336168085167e+03,-2.141433687926009855e-01
9.364682341170584550e+03,-2.141471895363019073e-01
9.384692346173085753e+03,-2.141510409589533204e-01
9.404702351175586955e+03,-2.141549232652589230e-01
9.424712356178088157e+03,-2.141588366877561489e-01
9.444722361180591179e+03,-2.141627814969417065e-01
9.464732366183092381e+03,-2.141667580092606327e-01
9.484742371185593584e+03,-2.141707665928793969e-01
9.504752376188092967e+03,-2.141748076713796689e-01
9.524762381190594169e+03,-2.141788817256203292e-01
9.544772386193097191e+03,-2.141829892940441404e-01
9.564782391195598393e+03,-2.141871309716602834e-01
9.584792396198099595e+03,-2.141913074078612145e-01
9.604802401200600798e+03,-2.141955193031527815e-01
9.624812406203102000e+03,-2.141997674048157496e-01
9.644822411205603203e+03,-2.142040525014939634e-01
9.664832416208104405e+03,-2.142083754167201648e-01
9.684842421210605607e+03,-2.142127370014418053e-01
9.704852426213106810e+03,-2.142171381256910145e-01
9.724862431215608012e+03,-2.142215796696268215e-01
9.744872436218109215e+03,-2.142260625142463626e-01
9.764882441220610417e+03,-2.142305875320917596e-01
9.784892446223111619e+03,-2.142351555782422978e-01
9.804902451225612822e+03,-2.142397674817713427e-01
9.824912456228114024e+03,-2.142444240376701614e-01
9.844922461230615227e+03,-2.142491259990142727e-01
9.864932466233116429e+03,-2.142538740689290400e-01
9.884942471235617631e+03,-2.142586688917470505e-01
9.904952476238118834e+03,-2.142635110427074663e-01
9.924962481240620036e+03,-2.142684010156754026e-01
9.944972486243121239e+03,-2.142733392086643984e-01
9.964982491245622441e+03,-2.142783259074268754e-01
9.984992496248123643e+03,-2.142833612679697908e-01
1.000500250125062485e+04,-2.142884452994796018e-01
1.002501250625312787e+04,-2.142935778496941057e-01
1.004502251125562725e+04,-2.142987585951316443e-01
1.006503251625812845e+04,-2.143039870386602708e-01
1.008504252126062966e+04,-2.143092625165851917e-01
1.010505252626313086e+04,-2.143145842166915005e-01
1.012506253126563206e+04,-2.143199512075431024e-01
1.014507253626813508e+04,-2.143253624779247191e-01
1.016508254127063628e+04,-2.143308169838404886e-01
1.018509254627313567e+04,-2.143363136992203211e-01
1.020510255127563687e+04,-2.143418516656709349e-01
1.022511255627813807e+04,-2.143474300363911456e-01
1.024512256128064109e+04,-2.143530481097643547e-01
1.026513256628314230e+04,-2.143587053490456917e-01
1.028514257128564350e+04,-2.143644013858295727e-01
1.030515257628814470e+04,-2.143701360064967087e-01
1.032516258129064408e+04,-2.143759091225267976e-01
1.034517258629314711e+04,-2.143817207274104353e-01
1.036518259129564831e+04,-2.143875708448384487e-01
1.038519259629814951e+04,-2.143934594747219646e-01
1.040520260130065071e+04,-2.143993865450277425e-01
1.042521260630315192e+04,-2.144053518778817335e-01
1.044522261130565312e+04,-2.144113551773689230e-01
1.046523261630815432e+04,-2.144173960437033288e-01
1.048524262131065552e+04,-2.144234740142718643e-01
1.050525262631315672e+04,-2.144295886273991647e-01
1.052526263131565611e+04,-2.144357395008265055e-01
1.054527263631815731e+04,-2.144419264149602378e-01
1.056528264132066033e+04,-2.144481493913611425e-01
1.058529264632316153e+04,-2.144544087593141801e-01
1.060530265132566274e+04,-2.144607052066477004e-01
1.062531265632816394e+04,-2.144670398141638457e-01
1.064532266133066514e+04,-2.144734140753277174e-01
1.066533266633316634e+04,-2.144798299039485379e-01
1.068534267133566755e+04,-2.144862896325970825e-01
1.070535267633816875e+04,-2.144927960037553982e-01
1.072536268134067177e+04,-2.144993521545532633e-01
1.074537268634317297e+04,-2.145059615946880438e-01
1.076538269134567417e+04,-2.145126281759568987e-01
1.078539269634817538e+04,-2.145193560508927566e-01
1.080540270135067476e+04,-2.145261496174562243e-01
1.082541270635317596e+04,-2.145330134467810235e-01
1.084542271135567717e+04,-2.145399521918724961e-01
1.086543271635817837e+04,-2.145469704771712227e-01
1.088544272136067957e+04,-2.145540727721314822e-01
1.090545272636318077e+04,-2.145612632561672006e-01
1.092546273136568198e+04,-2.145685456866023855e-01
1.094547273636818500e+04,-2.145759232841172870e-01
1.096548274137068620e+04,-2.145833986498711932e-01
1.098549274637318740e+04,-2.145909737240008219e-01
1.100550275137568860e+04,-2.145986497873071108e-01
1.102551275637818981e+04,-2.146064274994690935e-01
1.104552276138069101e+04,-2.146143069617881260e-01
1.106553276638319039e+04,-2.146222877927072559e-01
1.108554277138569159e+04,-2.146303692095658799e-01
1.110555277638819280e+04,-2.146385501168034671e-01
1.112556278139069400e+04,-2.146468292049426019e-01
1.114557278639319520e+04,-2.146552050637620668e-01
1.116558279139569822e+04,-2.146636763076887333e-01
1.118559279639819943e+04,-2.146722417044422959e-01
1.120560280140070063e+04,-2.146809002926941545e-01
1.122561280640320183e+04,-2.146896514730818051e-01
1.124562281140570303e+04,-2.146984950597065900e-01
1.126563281640820423e+04,-2.147074312851923461e-01
1.128564282141070544e+04,-2.147164607599541253e-01
1.130565282641320664e+04,-2.147255843941322517e-01
1.132566283141570966e+04,-2.147348032975883170e-01
1.134567283641820723e+04,-2.147441186784149192e-01
1.136568284142071025e+04,-2.147535317623623097e-01
1.138569284642321145e+04,-2.147630437532134229e-01
1.140570285142571265e+04,-2.147726558468275038e-01
1.142571285642821385e+04,-2.147823693001336409e-01
1.144572286143071506e+04,-2.147921855432663174e-01
1.146573286643321626e+04,-2.148021063117024898e-01
1.148574287143571746e+04,-2.148121337685137411e-01
1.150575287643821866e+04,-2.148222705857046611e-01
1.152576288144071987e+04,-2.148325199572744260e-01
1.154577288644322289e+04,-2.148428855237496937e-01
1.156578289144572409e+04,-2.148533711982207883e-01
1.158579289644822529e+04,-2.148639808988976607e-01
1.160580290145072649e+04,-2.148747182150927137e-01
1.162581290645322588e+04,-2.148855860618855695e-01
1.164582291145572708e+04,-2.148965864059881881e-01
1.166583291645822828e+04,-2.149077201552974103e-01
1.168584292146072949e+04,-2.149189872791450462e-01
1.170585292646323069e+04,-2.149303871610085959e-01
1.172586293146573189e+04,-2.149419191028827392e-01
1.174587293646823491e+04,-2.149535828421005046e-01
1.176588294147073611e+04,-2.149653789389752157e-01
1.178589294647323732e+04,-2.149773089458024145e-01
1.180590295147573852e+04,-2.149893753450012324e-01
1.182591295647823972e+04,-2.150015813136758880e-01
1.184592296148074092e+04,-2.150139304148176167e-01
1.186593296648324213e+04,-2.150264263260180109e-01
1.188594297148574151e+04,-2.150390726948669118e-01
1.190595297648824271e+04,-2.150518731611117673e-01
1.192596298149074391e+04,-2.150648315239280239e-01
1.194597298649324512e+04,-2.150779519820364416e-01
1.196598299149574814e+04,-2.150912393555666213e-01
1.198599299649824934e+04,-2.151046992153002047e-01
1.200600300150075054e+04,-2.151183378827909998e-01
1.202601300650325175e+04,-2.151321623032569630e-01
1.204602301150575295e+04,-2.151461798184967911e-01
1.206603301650825415e+04,-2.151603978763114433e-01
1.208604302151075535e+04,-2.151748237083828952e-01
1.210605302651325655e+04,-2.151894639936874354e-01
1.212606303151575958e+04,-2.152043245066209143e-01
1.214607303651826078e+04,-2.152194097463201727e-01
1.216608304152075834e+04,-2.152347225816358400e-01
1.218609304652326136e+04,-2.152502640298178394e-01
1.220610305152576257e+04,-2.152660333638685974e-01
1.222611305652826377e+04,-2.152820287123352605e-01
1.224612306153076497e+04,-2.152982481192664554e-01
1.226613306653326617e+04,-2.153146907637782104e-01
1.228614307153576738e+04,-2.153313578984138998e-01
1.230615307653826858e+04,-2.153482531691463531e-01
1.232616308154076978e+04,-2.153653822483124758e-01
1.234617308654327280e+04,-2.153827519770491195e-01
1.236618309154577400e+04,-2.154003693775352890e-01
1.238619309654827521e+04,-2.154182409519243835e-01
1.240620310155077641e+04,-2.154363726397149070e-01
1.242621310655327761e+04,-2.154547706283328756e-01
1.244622311155577700e+04,-2.154734428982288674e-01
1.246623311655827820e+04,-2.154924010479343510e-01
1.248624312156077940e+04,-2.155116617770695131e-01
1.250625312656328060e+04,-2.155312474864799765e-01
1.252626313156578180e+04,-2.155511856661084524e-01
1.254627313656828483e+04,-2.155715069210402401e-01
1.256628314157078603e+04,-2.155922416389022267e-01
1.258629314657328723e+04,-2.156134156309421068e-01
1.260630315157578843e+04,-2.156350457750867144e-01
1.262631315657828964e+04,-2.156571374997795776e-01
1.264632316158079084e+04,-2.156796859327252680e-01
1.266633316658329204e+04,-2.157026809232357734e-01
1.268634317158579324e+04,-2.157261138694260838e-01
1.270635317658829263e+04,-2.157499834599351796e-01
1.272636318159079383e+04,-2.157742986041817912e-01
1.274637318659329503e+04,-2.157990784049644284e-01
1.276638319159579805e+04,-2.158243497664570909e-01
1.278639319659829926e+04,-2.158501433988952722e-01
1.280640320160080046e+04,-2.158764894007625668e-01
1.282641320660330166e+04,-2.159034143661037464e-01
1.284642321160580286e+04,-2.159309419483826376e-01
1.286643321660830406e+04,-2.159590968006347422e-01
1.288644322161080527e+04,-2.159879087979664769e-01
1.290645322661330647e+04,-2.160174133631260762e-01
1.292646323161580949e+04,-2.160476461911029211e-01
1.294647323661831069e+04,-2.160786359174630411e-01
1.296648324162081190e+04,-2.161104030060339853e-01
1.298649324662331128e+04,-2.161429708749263157e-01
1.300650325162581248e+04,-2.161763847699179619e-01
1.302651325662831368e+04,-2.162107268661949411e-01
1.304652326163081489e+04,-2.162461202813582561e-01
1.306653326663331609e+04,-2.162827218250130135e-01
1.308654327163581729e+04,-2.163207063488999660e-01
1.310655327663831849e+04,-2.163602474670631715e-01
1.312656328164081970e+04,-2.164015019741320489e-01
1.314657328664332272e+04,-2.164446022296792893e-01
1.316658329164582392e+04,-2.164896534109408410e-01
1.318659329664832512e+04,-2.165367402087929327e-01
1.320660330165082632e+04,-2.165859612177876425e-01
1.322661330665332753e+04,-2.166374933921443313e-01
1.324662331165582873e+04,-2.166916705803238197e-01
1.326663331665832811e+04,-2.167490571701288782e-01
1.328664332166082932e+04,-2.168104744030319164e-01
1.330665332666333052e+04,-2.168769373369601461e-01
1.332666333166583172e+04,-2.169495765292247524e-01
1.334667333666833292e+04,-2.170298380494249668e-01
1.336668334167083594e+04,-2.171202156683312845e-01
1.338669334667333715e+04,-2.172256548444463087e-01
1.340670335167583835e+04,-2.173570946200998055e-01
1.342671335667833955e+04,-2.175482155030488696e-01
1.344672336168084075e+04,-2.181147576616936368e-01
1.346673336668334196e+04,-2.185093292080150518e-01
1.348674337168584316e+04,-2.186519497525600819e-01
1.350675337668834436e+04,-2.187414418330595189e-01
1.352676338169084374e+04,-2.188061117836337943e-01
1.354677338669334495e+04,-2.188562031335115066e-01
1.356678339169584797e+04,-2.188971151489669531e-01
1.358679339669834917e+04,-2.189321481084943177e-01
1.360680340170085037e+04,-2.189634355955427936e-01
1.362681340670335157e+04,-2.189923928992995039e-01
1.364682341170585278e+04,-2.190199760753016589e-01
1.366683341670835398e+04,-2.190468439294898373e-01
1.368684342171085518e+04,-2.190734615762710835e-01
1.370685342671335638e+04,-2.191001646567171390e-01
1.372686343171585759e+04,-2.191271956133755416e-01
1.374687343671836061e+04,-2.191547237117046354e-01
1.376688344172086181e+04,-2.191828652223550278e-01
1.378689344672336301e+04,-2.192117162814260223e-01
1.380690345172586240e+04,-2.192413919710878012e-01
1.382691345672836360e+04,-2.192720527574380518e-01
1.384692346173086480e+04,-2.193039085721774917e-01
1.386693346673336600e+04,-2.193372039866888779e-01
1.388694347173586721e+04,-2.193721923986487188e-01
1.390695347673836841e+04,-2.194091086183274364e-01
1.392696348174086961e+04,-2.194481495115963854e-01
1.394697348674337263e+04,-2.194894659295630879e-01
1.396698349174587383e+04,-2.195331745534116197e-01
1.398699349674837504e+04,-2.195794341466474620e-01
1.400700350175087624e+04,-2.196286161438319728e-01
1.402701350675337744e+04,-2.196814962786499681e-01
1.404702351175587864e+04,-2.197393430698798555e-01
1.406703351675837985e+04,-2.198038039043559710e-01
1.408704352176087923e+04,-2.198766186224867525e-01
1.410705352676338043e+04,-2.199596975803937704e-01
1.412706353176588163e+04,-2.200569576218528722e-01
1.414707353676838284e+04,-2.201794616283656858e-01
1.416708354177088586e+04,-2.203587487585466909e-01
1.418709354677338706e+04,-2.208609927273593732e-01
1.420710355177588826e+04,-2.213320253396148796e-01
1.422711355677838947e+04,-2.214735179734709236e-01
1.424712356178089067e+04,-2.215516017863452813e-01
1.426713356678339187e+04,-2.216014197541738562e-01
1.428714357178589307e+04,-2.216353062744233215e-01
1.430715357678839428e+04,-2.216592892752039801e-01
1.432716358179089730e+04,-2.216767657464110974e-01
1.434717358679339486e+04,-2.216898001698207610e-01
1.436718359179589606e+04,-2.216997097418876017e-01
1.438719359679839908e+04,-2.217073670415277697e-01
1.440720360180090029e+04,-2.217133688826861682e-01
1.442721360680340149e+04,-2.217181348881044900e-01
1.444722361180590269e+04,-2.217219670234870932e-01
1.446723361680840389e+04,-2.217250867038466910e-01
1.448724362181090510e+04,-2.217276586727238152e-01
1.450725362681340630e+04,-2.217298068725097049e-01
1.452726363181590750e+04,-2.217316253218970801e-01
1.454727363681841052e+04,-2.217331857796214500e-01
1.456728364182091173e+04,-2.217345432703452524e-01
1.458729364682341293e+04,-2.217357401427938468e-01
1.460730365182591413e+04,-2.217368090915876888e-01
1.462731365682841351e+04,-2.217377754302063408e-01
1.464732366183091472e+04,-2.217386588128926750e-01
1.466733366683341592e+04,-2.217394745455455451e-01
1.468734367183591712e+04,-2.217402345870853886e-01
1.470735367683841832e+04,-2.217409483161566774e-01
1.472736368184091953e+04,-2.217416231191202680e-01
1.474737368684342073e+04,-2.217422648415412756e-01
1.476738369184592375e+04,-2.217428781352071276e-01
1.478739369684842495e+04,-2.217434667250902380e-01
1.480740370185092615e+04,-2.217440336149105740e-01
1.482741370685342736e+04,-2.217445812455786924e-01
1.484742371185592856e+04,-2.217451116174571357e-01
1.486743371685842976e+04,-2.217456263848288922e-01
1.488744372186093096e+04,-2.217461269290029180e-01
1.490745372686343035e+04,-2.217466144149918827e-01
1.492746373186593155e+04,-2.217470898355478892e-01
1.494747373686843275e+04,-2.217475540454610927e-01
1.496748374187093577e+04,-2.217480077883531575e-01
1.498749374687343698e+04,-2.217484517176773751e-01
1.500750375187593818e+04,-2.217488864132433346e-01
1.502751375687843938e+04,-2.217493123942750888e-01
1.504752376188094058e+04,-2.217497301297840229e-01
1.506753376688344179e+04,-2.217501400468510908e-01
1.508754377188594299e+04,-2.217505425372818528e-01
1.510755377688844419e+04,-2.217509379629870603e-01
1.512756378189094539e+04,-2.217513266603631239e-01
1.514757378689344841e+04,-2.217517089438811595e-01
1.516758379189594598e+04,-2.217520851090495071e-01
1.518759379689844900e+04,-2.217524554348722643e-01
1.520760380190095020e+04,-2.217528201859027825e-01
1.522761380690345140e+04,-2.217531796139654843e-01
1.524762381190595261e+04,-2.217535339596047317e-01
1.526763381690845381e+04,-2.217538834533054892e-01
1.528764382191095501e+04,-2.217542283165213068e-01
1.530765382691345621e+04,-2.217545687625368800e-01
1.532766383191595742e+04,-2.217549049971870856e-01
1.534767383691846044e+04,-2.217552372194500632e-01
1.536768384192096164e+04,-2.217555656219286353e-01
1.538769384692346284e+04,-2.217558903912314194e-01
1.540770385192596405e+04,-2.217562117082631234e-01
1.542771385692846525e+04,-2.217565297484338782e-01
1.544772386193096463e+04,-2.217568446817936023e-01
1.546773386693346583e+04,-2.217571566730989485e-01
1.548774387193596704e+04,-2.217574658818196875e-01
1.550775387693846824e+04,-2.217577724620909962e-01
1.552776388194096944e+04,-2.217580765626173955e-01
1.554777388694347064e+04,-2.217583783265359154e-01
1.556778389194597366e+04,-2.217586778912455925e-01
1.558779389694847487e+04,-2.217589753882101000e-01
1.560780390195097607e+04,-2.217592709427421149e-01
1.562781390695347727e+04,-2.217595646737782200e-01
1.564782391195597847e+04,-2.217598566936531956e-01
1.566783391695847968e+04,-2.217601471078830266e-01
1.568784392196098088e+04,-2.217604360149675324e-01
1.570785392696348208e+04,-2.217607235062221682e-01
1.572786393196598146e+04,-2.217610096656489893e-01
1.574787393696848267e+04,-2.217612945698569649e-01
1.576788394197098569e+04,-2.217615782880406061e-01
1.578789394697348689e+04,-2.217618608820242920e-01
1.580790395197598809e+04,-2.217621424063793145e-01
1.582791395697848930e+04,-2.217624229086175569e-01
1.584792396198099050e+04,-2.217627024294643312e-01
1.586793396698349170e+04,-2.217629810032100413e-01
1.588794397198599290e+04,-2.217632586581377019e-01
1.590795397698849411e+04,-2.217635354170203743e-01
1.592796398199099531e+04,-2.217638112976814124e-01
1.594797398699349833e+04,-2.217640863136054186e-01
1.596798399199599953e+04,-2.217643604745891395e-01
1.598799399699849891e+04,-2.217646337874178142e-01
1.600800400200100012e+04,-2.217649062565520968e-01
1.602801400700350132e+04,-2.217651778848122035e-01
1.604802401200600252e+04,-2.217654486740434638e-01
1.606803401700850372e+04,-2.217657186257517288e-01
1.608804402201100493e+04,-2.217659877416963410e-01
1.610805402701350613e+04,-2.217662560244302861e-01
1.612806403201600733e+04,-2.217665234777825012e-01
1.614807403701851035e+04,-2.217667901072745695e-01
1.616808404202101156e+04,-2.217670559204709124e-01
1.618809404702351276e+04,-2.217673209272607859e-01
1.620810405202601396e+04,-2.217675851400748022e-01
1.622811405702851516e+04,-2.217678485740368077e-01
1.624812406203101636e+04,-2.217681112470582805e-01
1.626813406703351575e+04,-2.217683731798779367e-01
1.628814407203601695e+04,-2.217686343960543205e-01
1.630815407703851815e+04,-2.217688949219169536e-01
1.632816408204101936e+04,-2.217691547864828749e-01
1.634817408704352056e+04,-2.217694140213441745e-01
1.636818409204602358e+04,-2.217696726605329349e-01
1.638819409704852296e+04,-2.217699307403689091e-01
1.640820410205102598e+04,-2.217701882992943740e-01
1.642821410705352537e+04,-2.217704453777004925e-01
1.644822411205602839e+04,-2.217707020177485944e-01
1.646823411705853141e+04,-2.217709582631896825e-01
1.648824412206103079e+04,-2.217712141591830777e-01
1.650825412706353382e+04,-2.217714697521168121e-01
1.652826413206603320e+04,-2.217717250894304937e-01
1.654827413706853258e+04,-2.217719802194409451e-01
1.656828414207103560e+04,-2.217722351911702028e-01
1.658829414707353499e+04,-2.217724900541765687e-01
1.660830415207603801e+04,-2.217727448583869665e-01
1.662831415707853739e+04,-2.217729996539304915e-01
1.664832416208104041e+04,-2.217732544909709891e-01
1.666833416708354343e+04,-2.217735094195391055e-01
1.668834417208604282e+04,-2.217737644893603699e-01
1.670835417708854584e+04,-2.217740197496801124e-01
1.672836418209104522e+04,-2.217742752490826086e-01
1.674837418709354824e+04,-2.217745310353039789e-01
1.676838419209604763e+04,-2.217747871550383443e-01
1.678839419709855065e+04,-2.217750436537363479e-01
1.680840420210105003e+04,-2.217753005753953788e-01
1.682841420710354942e+04,-2.217755579623433282e-01
1.684842421210605244e+04,-2.217758158550150183e-01
1.686843421710855182e+04,-2.217760742917233574e-01
1.688844422211105484e+04,-2.217763333084268318e-01
1.690845422711355786e+04,-2.217765929384956092e-01
1.692846423211605725e+04,-2.217768532124793079e-01
1.694847423711856027e+04,-2.217771141578792071e-01
1.696848424212105965e+04,-2.217773757989293659e-01
1.698849424712356267e+04,-2.217776381563907329e-01
1.700850425212606206e+04,-2.217779012473618805e-01
1.702851425712856508e+04,-2.217781650851120556e-01
1.704852426213106810e+04,-2.217784296789406528e-01
1.706853426713356748e+04,-2.217786950340671082e-01
1.708854427213606687e+04,-2.217789611515555426e-01
1.710855427713856989e+04,-2.217792280282783746e-01
1.712856428214106927e+04,-2.217794956569205944e-01
1.714857428714357229e+04,-2.217797640260274483e-01
1.716858429214607168e+04,-2.217800331200965036e-01
1.718859429714857470e+04,-2.217803029197145392e-01
1.720860430215107408e+04,-2.217805734017374020e-01
1.722861430715357710e+04,-2.217808445395116068e-01
1.724862431215607648e+04,-2.217811163031343236e-01
1.726863431715857951e+04,-2.217813886597479189e-01
1.728864432216108253e+04,-2.217816615738638086e-01
1.730865432716358191e+04,-2.217819350077107621e-01
1.732866433216608493e+04,-2.217822089216015258e-01
1.734867433716858432e+04,-2.217824832743111041e-01
1.736868434217108370e+04,-2.217827580234617013e-01
1.738869434717358672e+04,-2.217830331259066090e-01
1.740870435217608610e+04,-2.217833085381087643e-01
1.742871435717858913e+04,-2.217835842165071514e-01
1.744872436218108851e+04,-2.217838601178678815e-01
1.746873436718359153e+04,-2.217841361996140126e-01
1.748874437218609455e+04,-2.217844124201322764e-01
1.750875437718859393e+04,-2.217846887390534094e-01
1.752876438219109696e+04,-2.217849651175035353e-01
1.754877438719359634e+04,-2.217852415183272641e-01
1.756878439219609936e+04,-2.217855179062795390e-01
1.758879439719859874e+04,-2.217857942481887557e-01
1.760880440220110177e+04,-2.217860705130902665e-01
1.762881440720360115e+04,-2.217863466723316856e-01
1.764882441220610053e+04,-2.217866226996514922e-01
1.766883441720860355e+04,-2.217868985712337648e-01
1.768884442221110658e+04,-2.217871742657387679e-01
1.770885442721360596e+04,-2.217874497643133602e-01
1.772886443221610898e+04,-2.217877250505830011e-01
1.774887443721860836e+04,-2.217880001106270482e-01
1.776888444222111139e+04,-2.217882749329395109e-01
1.778889444722361077e+04,-2.217885495083782577e-01
1.780890445222611379e+04,-2.217888238301033987e-01
1.782891445722861317e+04,-2.217890978935073698e-01
1.784892446223111619e+04,-2.217893716961386319e-01
1.786893446723361922e+04,-2.217896452376198757e-01
1.788894447223611860e+04,-2.217899185195627010e-01
1.790895447723861798e+04,-2.217901915454797701e-01
1.792896448224112100e+04,-2.217904643206954907e-01
1.794897448724362039e+04,-2.217907368522565870e-01
1.796898449224612341e+04,-2.217910091488427549e-01
1.798899449724862279e+04,-2.217912812206789541e-01
1.800900450225112581e+04,-2.217915530794487555e-01
1.802901450725362520e+04,-2.217918247382105745e-01
1.804902451225612822e+04,-2.217920962113161809e-01
1.806903451725863124e+04,-2.217923675143323725e-01
1.808904452226113062e+04,-2.217926386639653968e-01
1.810905452726363364e+04,-2.217929096779894804e-01
1.812906453226613303e+04,-2.217931805751777175e-01
1.814907453726863605e+04,-2.217934513752379266e-01
1.816908454227113543e+04,-2.217937220987506453e-01
1.818909454727363482e+04,-2.217939927671115918e-01
1.820910455227613784e+04,-2.217942634024775150e-01
1.822911455727863722e+04,-2.217945340277150401e-01
1.824912456228114024e+04,-2.217948046663533179e-01
1.826913456728364326e+04,-2.217950753425399490e-01
1.828914457228614265e+04,-2.217953460809994892e-01
1.830915457728864567e+04,-2.217956169069961181e-01
1.832916458229114505e+04,-2.217958878462976957e-01
1.834917458729364807e+04,-2.217961589251440380e-01
1.836918459229614746e+04,-2.217964301702168017e-01
1.838919459729865048e+04,-2.217967016086122845e-01
1.840920460230114986e+04,-2.217969732678164718e-01
1.842921460730365288e+04,-2.217972451756821950e-01
1.844922461230615227e+04,-2.217975173604083139e-01
1.846923461730865165e+04,-2.217977898505208156e-01
1.848924462231115467e+04,-2.217980626748556339e-01
1.850925462731365769e+04,-2.217983358625427170e-01
1.852926463231615708e+04,-2.217986094429919286e-01
1.854927463731866010e+04,-2.217988834458798075e-01
1.856928464232115948e+04,-2.217991579011373560e-01
1.858929464732366250e+04,-2.217994328389389092e-01
1.860930465232616189e+04,-2.217997082896915328e-01
1.862931465732866491e+04,-2.217999842840248093e-01
1.864932466233116793e+04,-2.218002608527811781e-01
1.866933466733366731e+04,-2.218005380270059446e-01
1.868934467233617033e+04,-2.218008158379377037e-01
1.870935467733866972e+04,-2.218010943169977933e-01
1.872936468234116910e+04,-2.218013734957796357e-01
1.874937468734367212e+04,-2.218016534060371636e-01
1.876938469234617151e+04,-2.218019340796719419e-01
1.878939469734867453e+04,-2.218022155487190950e-01
1.880940470235117391e+04,-2.218024978453315699e-01
1.882941470735367693e+04,-2.218027810017625667e-01
1.884942471235617631e+04,-2.218030650503454992e-01
1.886943471735867934e+04,-2.218033500234719291e-01
1.888944472236118236e+04,-2.218036359535657531e-01
1.890945472736368174e+04,-2.218039228730552537e-01
1.892946473236618476e+04,-2.218042108143409574e-01
1.894947473736868415e+04,-2.218044998097596365e-01
1.896948474237118717e+04,-2.218047898915447014e-01
1.898949474737368655e+04,-2.218050810917814586e-01
1.900950475237618593e+04,-2.218053734423578172e-01
1.902951475737868896e+04,-2.218056669749101650e-01
1.904952476238118834e+04,-2.218059617207637502e-01
1.906953476738369136e+04,-2.218062577108672606e-01
1.908954477238619438e+04,-2.218065549757219646e-01
1.910955477738869376e+04,-2.218068535453053824e-01
1.912956478239119679e+04,-2.218071534489886310e-01
1.914957478739369617e+04,-2.218074547154482434e-01
1.916958479239619919e+04,-2.218077573725724394e-01
1.918959479739869857e+04,-2.218080614473624257e-01
1.920960480240120160e+04,-2.218083669658282853e-01
1.922961480740370098e+04,-2.218086739528809526e-01
1.924962481240620400e+04,-2.218089824322209969e-01
1.926963481740870338e+04,-2.218092924262240195e-01
1.928964482241120641e+04,-2.218096039558252464e-01
1.930965482741370579e+04,-2.218099170404032872e-01
1.932966483241620881e+04,-2.218102316976653943e-01
1.934967483741870819e+04,-2.218105479435353022e-01
1.936968484242121121e+04,-2.218108657920457583e-01
1.938969484742371060e+04,-2.218111852552369645e-01
1.940970485242621362e+04,-2.218115063430641798e-01
1.942971485742871300e+04,-2.218118290633152856e-01
1.944972486243121602e+04,-2.218121534215408697e-01
1.946973486743371905e+04,-2.218124794209995476e-01
1.948974487243621843e+04,-2.218128070626193271e-01
1.950975487743872145e+04,-2.218131363449780125e-01
1.952976488244122083e+04,-2.218134672643036487e-01
1.954977488744372022e+04,-2.218137998144967260e-01
1.956978489244622324e+04,-2.218141339871750328e-01
1.958979489744872262e+04,-2.218144697717423786e-01
1.960980490245122564e+04,-2.218148071554804646e-01
1.962981490745372503e+04,-2.218151461236657629e-01
1.964982491245622805e+04,-2.218154866597083219e-01
1.966983491745873107e+04,-2.218158287453135813e-01
1.968984492246123045e+04,-2.218161723606647817e-01
1.970985492746373347e+04,-2.218165174846239429e-01
1.972986493246623286e+04,-2.218168640949503279e-01
1.974987493746873588e+04,-2.218172121685320353e-01
1.976988494247123526e+04,-2.218175616816297491e-01
1.978989494747373828e+04,-2.218179126101283982e-01
1.980990495247623767e+04,-2.218182649297949782e-01
1.982991495747873705e+04,-2.218186186165377882e-01
1.984992496248124007e+04,-2.218189736466661122e-01
1.986993496748373946e+04,-2.218193299971460974e-01
1.988994497248624248e+04,-2.218196876458511380e-01
1.990995497748874550e+04,-2.218200465718036807e-01
1.992996498249124488e+04,-2.218204067554077896e-01
1.994997498749374790e+04,-2.218207681786689700e-01
1.996998499249624729e+04,-2.218211308254014469e-01
1.998999499749875031e+04,-2.218214946814213440e-01
2.001000500250124969e+04,-2.218218597347248189e-01
2.003001500750375271e+04,-2.218222259756515158e-01
2.005002501250625573e+04,-2.218225933970321972e-01
2.007003501750875512e+04,-2.218229619943213882e-01
2.009004502251125450e+04,-2.218233317657155590e-01
2.011005502751375752e+04,-2.218237027122567651e-01
2.013006503251625691e+04,-2.218240748379222138e-01
2.015007503751875993e+04,-2.218244481497013976e-01
2.017008504252125931e+04,-2.218248226576603477e-01
2.019009504752376233e+04,-2.218251983749947032e-01
2.021010505252626172e+04,-2.218255753180715661e-01
2.023011505752876474e+04,-2.218259535064611432e-01
2.025012506253126412e+04,-2.218263329629592551e-01
2.027013506753376714e+04,-2.218267137135994382e-01
2.029014507253627016e+04,-2.218270957876576077e-01
2.031015507753876955e+04,-2.218274792176472276e-01
2.033016508254127257e+04,-2.218278640393059886e-01
2.035017508754377195e+04,-2.218282502915743803e-01
2.037018509254627133e+04,-2.218286380165647165e-01
2.039019509754877436e+04,-2.218290272595212498e-01
2.041020510255127374e+04,-2.218294180687705175e-01
2.043021510755377676e+04,-2.218298104956603900e-01
2.045022511255627614e+04,-2.218302045944880729e-01
2.047023511755877917e+04,-2.218306004224151473e-01
2.049024512256128219e+04,-2.218309980393683989e-01
2.051025512756378157e+04,-2.218313975079250766e-01
2.053026513256628459e+04,-2.218317988931817475e-01
2.055027513756878398e+04,-2.218322022626035839e-01
2.057028514257128700e+04,-2.218326076858541107e-01
2.059029514757378638e+04,-2.218330152346023043e-01
2.061030515257628940e+04,-2.218334249823065984e-01
2.063031515757878879e+04,-2.218338370039733831e-01
2.065032516258128817e+04,-2.218342513758893852e-01
2.067033516758379119e+04,-2.218346681753261274e-01
2.069034517258629421e+04,-2.218350874802171302e-01
2.071035517758879359e+04,-2.218355093688061108e-01
2.073036518259129662e+04,-2.218359339192679247e-01
2.075037518759379600e+04,-2.218363612093028348e-01
2.077038519259629902e+04,-2.218367913157052451e-01
2.079039519759879840e+04,-2.218372243139118960e-01
2.081040520260130143e+04,-2.218376602775296302e-01
2.083041520760380081e+04,-2.218380992778508642e-01
2.085042521260630383e+04,-2.218385413833587338e-01
2.087043521760880685e+04,-2.218389866592311022e-01
2.089044522261130624e+04,-2.218394351668477593e-01
2.091045522761380562e+04,-2.218398869633096127e-01
2.093046523261630864e+04,-2.218403421009768894e-01
2.095047523761880802e+04,-2.218408006270340960e-01
2.097048524262131104e+04,-2.218412625830891438e-01
2.099049524762381407e+04,-2.218417280048129159e-01
2.101050525262631345e+04,-2.218421969216264056e-01
2.103051525762881647e+04,-2.218426693564381491e-01
2.105052526263131222e+04,-2.218431453254368080e-01
2.107053526763381524e+04,-2.218436248379406506e-01
2.109054527263631462e+04,-2.218441078963024615e-01
2.111055527763881764e+04,-2.218445944958708504e-01
2.113056528264132066e+04,-2.218450846250024922e-01
2.115057528764382005e+04,-2.218455782651237440e-01
2.117058529264632307e+04,-2.218460753908347571e-01
2.119059529764882245e+04,-2.218465759700519735e-01
2.121060530265132547e+04,-2.218470799641824587e-01
2.123061530765382486e+04,-2.218475873283256850e-01
2.125062531265632788e+04,-2.218480980114970469e-01
2.127063531765882726e+04,-2.218486119568702508e-01
2.129064532266133028e+04,-2.218491291020349421e-01
2.131065532766383330e+04,-2.218496493792680713e-01
2.133066533266633269e+04,-2.218501727158173620e-01
2.135067533766883571e+04,-2.218506990341987950e-01
2.137068534267133509e+04,-2.218512282525066104e-01
2.139069534767383811e+04,-2.218517602847380199e-01
2.141070535267633750e+04,-2.218522950411341843e-01
2.143071535767884052e+04,-2.218528324285373721e-01
2.145072536268134354e+04,-2.218533723507654376e-01
2.147073536768384292e+04,-2.218539147090035912e-01
2.149074537268634595e+04,-2.218544594022122951e-01
2.151075537768884533e+04,-2.218550063275490647e-01
2.153076538269134835e+04,-2.218555553808023439e-01
2.155077538769384773e+04,-2.218561064568328745e-01
2.157078539269635075e+04,-2.218566594500194777e-01
2.159079539769884650e+04,-2.218572142547036441e-01
2.161080540270134952e+04,-2.218577707656278486e-01
2.163081540770384890e+04,-2.218583288783640417e-01
2.165082541270635193e+04,-2.218588884897252644e-01
2.167083541770885131e+04,-2.218594494981573906e-01
2.169084542271135433e+04,-2.218600118041066660e-01
2.171085542771385735e+04,-2.218605753103582989e-01
2.173086543271635674e+04,-2.218611399223458513e-01
2.175087543771885976e+04,-2.218617055484269351e-01
2.177088544272135914e+04,-2.218622721001255738e-01
2.179089544772386216e+04,-2.218628394923404801e-01
2.181090545272636155e+04,-2.218634076435190283e-01
2.183091545772886457e+04,-2.218639764757985300e-01
2.185092546273136395e+04,-2.218645459151157850e-01
2.187093546773386697e+04,-2.218651158912864907e-01
2.189094547273636999e+04,-2.218656863380579214e-01
2.191095547773886938e+04,-2.218662571931351857e-01
2.193096548274137240e+04,-2.218668283981861666e-01
2.195097548774387178e+04,-2.218673998988256735e-01
2.197098549274637480e+04,-2.218679716445824956e-01
2.199099549774887419e+04,-2.218685435888518853e-01
2.201100550275137721e+04,-2.218691156888356053e-01
2.203101550775387659e+04,-2.218696879054720683e-01
2.205102551275637961e+04,-2.218702602033582882e-01
2.207103551775888263e+04,-2.218708325506668633e-01
2.209104552276138202e+04,-2.218714049190577964e-01
2.211105552776388504e+04,-2.218719772835885673e-01
2.213106553276638078e+04,-2.218725496226224003e-01
2.215107553776888381e+04,-2.218731219177372538e-01
2.217108554277138319e+04,-2.218736941536350038e-01
2.219109554777388621e+04,-2.218742663180530983e-01
2.221110555277638559e+04,-2.218748384016787090e-01
2.223111555777888861e+04,-2.218754103980653813e-01
2.225112556278138800e+04,-2.218759823035542922e-01
2.227113556778389102e+04,-2.218765541171983935e-01
2.229114557278639040e+04,-2.218771258406914137e-01
2.231115557778889342e+04,-2.218776974783010780e-01
2.233116558279139645e+04,-2.218782690368065746e-01
2.235117558779389583e+04,-2.218788405254408513e-01
2.237118559279639885e+04,-2.218794119558371580e-01
2.239119559779889823e+04,-2.218799833419806411e-01
2.241120560280140126e+04,-2.218805547001638789e-01
2.243121560780390064e+04,-2.218811260489472192e-01
2.245122561280640366e+04,-2.218816974091233629e-01
2.247123561780890668e+04,-2.218822688036863888e-01
2.249124562281140607e+04,-2.218828402578044978e-01
2.251125562781390909e+04,-2.218834117987974752e-01
2.253126563281640847e+04,-2.218839834561174562e-01
2.255127563781891149e+04,-2.218845552613338545e-01
2.257128564282141087e+04,-2.218851272481220382e-01
2.259129564782391390e+04,-2.218856994522554471e-01
2.261130565282641328e+04,-2.218862719116011240e-01
2.263131565782891630e+04,-2.218868446661188543e-01
2.265132566283141932e+04,-2.218874177578629425e-01
2.267133566783391871e+04,-2.218879912309878744e-01
2.269134567283641445e+04,-2.218885651317561158e-01
2.271135567783891747e+04,-2.218891395085489937e-01
2.273136568284142049e+04,-2.218897144118801845e-01
2.275137568784391988e+04,-2.218902898944115909e-01
2.277138569284642290e+04,-2.218908660109711606e-01
2.279139569784892228e+04,-2.218914428185730647e-01
2.281140570285142530e+04,-2.218920203764391808e-01
2.283141570785392469e+04,-2.218925987460221294e-01
2.285142571285642771e+04,-2.218931779910293667e-01
2.287143571785892709e+04,-2.218937581774480805e-01
2.289144572286143011e+04,-2.218943393735699487e-01
2.291145572786393313e+04,-2.218949216500161192e-01
2.293146573286643252e+04,-2.218955050797609130e-01
2.295147573786893554e+04,-2.218960897381546671e-01
2.297148574287143492e+04,-2.218966757029439685e-01
2.299149574787393794e+04,-2.218972630542889457e-01
2.301150575287643733e+04,-2.218978518747770912e-01
2.303151575787894035e+04,-2.218984422494320874e-01
2.305152576288143973e+04,-2.218990342657162218e-01
2.307153576788394275e+04,-2.218996280135266674e-01
2.309154577288644577e+04,-2.219002235851819937e-01
2.311155577788894516e+04,-2.219008210753993793e-01
2.313156578289144818e+04,-2.219014205812600282e-01
2.315157578789394756e+04,-2.219020222021610700e-01
2.317158579289645058e+04,-2.219026260397520545e-01
2.319159579789894997e+04,-2.219032321978544608e-01
2.321160580290145299e+04,-2.219038407823611947e-01
2.323161580790394873e+04,-2.219044519011153238e-01
2.325162581290645176e+04,-2.219050656637638064e-01
2.327163581790895114e+04,-2.219056821815861003e-01
2.329164582291145416e+04,-2.219063015672937678e-01
2.331165582791395354e+04,-2.219069239347994382e-01
2.333166583291645657e+04,-2.219075493989535186e-01
2.335167583791895959e+04,-2.219081780752457100e-01
2.337168584292145897e+04,-2.219088100794711083e-01
2.339169584792396199e+04,-2.219094455273581956e-01
2.341170585292646138e+04,-2.219100845341594186e-01
2.343171585792896440e+04,-2.219107272142031295e-01
2.345172586293146378e+04,-2.219113736804076698e-01
2.347173586793396680e+04,-2.219120240437588987e-01
2.349174587293646982e+04,-2.219126784127529450e-01
2.351175587793896921e+04,-2.219133368928074002e-01
2.353176588294147223e+04,-2.219139995856448944e-01
2.355177588794397161e+04,-2.219146665886531644e-01
2.357178589294647463e+04,-2.219153379942293280e-01
2.359179589794897402e+04,-2.219160138891135281e-01
2.361180590295147704e+04,-2.219166943537221326e-01
2.363181590795397642e+04,-2.219173794614878736e-01
2.365182591295647944e+04,-2.219180692782193598e-01
2.367183591795898246e+04,-2.219187638614903701e-01
2.369184592296148185e+04,-2.219194632600717809e-01
2.371185592796398487e+04,-2.219201675134198914e-01
2.373186593296648425e+04,-2.219208766512359432e-01
2.375187593796898727e+04,-2.219215906931110704e-01
2.377188594297148302e+04,-2.219223096482730029e-01
2.379189594797398604e+04,-2.219230335154502021e-01
2.381190595297648542e+04,-2.219237622828673373e-01
2.383191595797898844e+04,-2.219244959283868390e-01
2.385192596298148783e+04,-2.219252344198077431e-01
2.387193596798399085e+04,-2.219259777153305968e-01
2.389194597298649023e+04,-2.219267257641937274e-01
2.391195597798899325e+04,-2.219274785074797363e-01
2.393196598299149628e+04,-2.219282358790886089e-01
2.395197598799399566e+04,-2.219289978068641200e-01
2.397198599299649868e+04,-2.219297642138572946e-01
2.399199599799899806e+04,-2.219305350197025295e-01
2.401200600300150109e+04,-2.219313101420778422e-01
2.403201600800400047e+04,-2.219320894982161063e-01
2.405202601300650349e+04,-2.219328730064314692e-01
2.407203601800900287e+04,-2.219336605876234825e-01
2.409204602301150589e+04,-2.219344521667226677e-01
2.411205602801400892e+04,-2.219352476740419633e-01
2.413206603301650830e+04,-2.219360470465034374e-01
2.415207603801901132e+04,-2.219368502287118183e-01
2.417208604302151070e+04,-2.219376571738538584e-01
2.419209604802401373e+04,-2.219384678444050740e-01
2.421210605302651311e+04,-2.219392822126327602e-01
2.423211605802901613e+04,-2.219401002608879514e-01
2.425212606303151915e+04,-2.219409219816829981e-01
2.427213606803401854e+04,-2.219417473775561478e-01
2.429214607303652156e+04,-2.219425764607265705e-01
2.431215607803902094e+04,-2.219434092525469082e-01
2.433216608304151669e+04,-2.219442457827622006e-01
2.435217608804401971e+04,-2.219450860885868737e-01
2.437218609304652273e+04,-2.219459302136136125e-01
2.439219609804902211e+04,-2.219467782065709660e-01
2.441220610305152513e+04,-2.219476301199500012e-01
2.443221610805402452e+04,-2.219484860085230160e-01
2.445222611305652754e+04,-2.219493459277828706e-01
2.447223611805902692e+04,-2.219502099323338307e-01
2.449224612306152994e+04,-2.219510780742719458e-01
2.451225612806403296e+04,-2.219519504015922406e-01
2.453226613306653235e+04,-2.219528269566689582e-01
2.455227613806903537e+04,-2.219537077748506837e-01
2.457228614307153475e+04,-2.219545928832166726e-01
2.459229614807403777e+04,-2.219554822995358223e-01
2.461230615307653716e+04,-2.219563760314675060e-01
2.463231615807904018e+04,-2.219572740760339391e-01
2.465232616308153956e+04,-2.219581764193873930e-01
2.467233616808404258e+04,-2.219590830368837475e-01
2.469234617308654560e+04,-2.219599938934621597e-01
2.471235617808904499e+04,-2.219609089443181915e-01
2.473236618309154801e+04,-2.219618281358473610e-01
2.475237618809404739e+04,-2.219627514068241991e-01
2.477238619309655041e+04,-2.219636786897738467e-01
2.479239619809904980e+04,-2.219646099124894245e-01
2.481240620310155282e+04,-2.219655449996408014e-01
2.483241620810405584e+04,-2.219664838744258850e-01
2.485242621310655522e+04,-2.219674264602130298e-01
2.487243621810905097e+04,-2.219683726821307934e-01
2.489244622311155399e+04,-2.219693224685667654e-01
2.491245622811405337e+04,-2.219702757525440495e-01
2.493246623311655640e+04,-2.219712324729532227e-01
2.495247623811905942e+04,-2.219721925756245606e-01
2.497248624312155880e+04,-2.219731560142335081e-01
2.499249624812406182e+04,-2.219741227510381443e-01
2.501250625312656121e+04,-2.219750927574533628e-01
2.503251625812906423e+04,-2.219760660144715070e-01
2.505252626313156361e+04,-2.219770425129408142e-01
2.507253626813406663e+04,-2.219780222537168779e-01
2.509254627313656965e+04,-2.219790052477012554e-01
2.511255627813906904e+04,-2.219799915157838754e-01
2.513256628314157206e+04,-2.219809810887035384e-01
2.515257628814407144e+04,-2.219819740068405267e-01
2.517258629314657446e+04,-2.219829703199543425e-01
2.519259629814907385e+04,-2.219839700868771748e-01
2.521260630315157687e+04,-2.219849733751726450e-01
2.523261630815407625e+04,-2.219859802607680732e-01
2.525262631315657927e+04,-2.219869908275651504e-01
2.527263631815908229e+04,-2.219880051670355126e-01
2.529264632316158168e+04,-2.219890233778028243e-01
2.531265632816408470e+04,-2.219900455652150384e-01
2.533266633316658408e+04,-2.219910718409074113e-01
2.535267633816908710e+04,-2.219921023223574985e-01
2.537268634317158649e+04,-2.219931371324323777e-01
2.539269634817408951e+04,-2.219941763989279060e-01
2.541270635317658525e+04,-2.219952202541000674e-01
2.543271635817908827e+04,-2.219962688341888257e-01
2.545272636318158766e+04,-2.219973222789344558e-01
2.547273636818409068e+04,-2.219983807310875745e-01
2.549274637318659006e+04,-2.219994443359140923e-01
2.551275637818909308e+04,-2.220005132406970560e-01
2.553276638319159611e+04,-2.220015875942392969e-01
2.555277638819409549e+04,-2.220026675463686039e-01
2.557278639319659851e+04,-2.220037532474518627e-01
2.559279639819909789e+04,-2.220048448479227665e-01
2.561280640320160092e+04,-2.220059424978279017e-01
2.563281640820410030e+04,-2.220070463463994226e-01
2.565282641320660332e+04,-2.220081565416599512e-01
2.567283641820910270e+04,-2.220092732300661675e-01
2.569284642321160572e+04,-2.220103965561988912e-01
2.571285642821410875e+04,-2.220115266625036499e-01
2.573286643321660813e+04,-2.220126636890885630e-01
2.575287643821911115e+04,-2.220138077735811233e-01
2.577288644322161053e+04,-2.220149590510462068e-01
2.579289644822411356e+04,-2.220161176539640902e-01
2.581290645322661294e+04,-2.220172837122640908e-01
2.583291645822911596e+04,-2.220184573534082217e-01
2.585292646323161898e+04,-2.220196387025120122e-01
2.587293646823411837e+04,-2.220208278824913062e-01
2.589294647323662139e+04,-2.220220250142142526e-01
2.591295647823912077e+04,-2.220232302166392502e-01
2.593296648324162379e+04,-2.220244436069137850e-01
2.595297648824412317e+04,-2.220256653004059333e-01
2.597298649324662256e+04,-2.220268954106416337e-01
2.599299649824912194e+04,-2.220281340491160327e-01
2.601300650325162496e+04,-2.220293813249508141e-01
2.603301650825412435e+04,-2.220306373443710901e-01
2.605302651325662737e+04,-2.220319022099778439e-01
2.607303651825912675e+04,-2.220331760198002435e-01
2.609304652326162977e+04,-2.220344588661188889e-01
2.611305652826413279e+04,-2.220357508340623232e-01
2.613306653326663218e+04,-2.220370519999904091e-01
2.615307653826913520e+04,-2.220383624296937419e-01
2.617308654327163458e+04,-2.220396821764521189e-01
2.619309654827413760e+04,-2.220410112790096591e-01
2.621310655327663699e+04,-2.220423497595402362e-01
2.623311655827914001e+04,-2.220436976216852154e-01
2.625312656328163939e+04,-2.220450548487557241e-01
2.627313656828414241e+04,-2.220464214021917182e-01
2.629314657328664543e+04,-2.220477972203658279e-01
2.631315657828914482e+04,-2.220491822178100316e-01
2.633316658329164784e+04,-2.220505762849220577e-01
2.635317658829414722e+04,-2.220519792881869847e-01
2.637318659329665024e+04,-2.220533910709206749e-01
2.639319659829914963e+04,-2.220548114545135843e-01
2.641320660330165265e+04,-2.220562402401259627e-01
2.643321660830415203e+04,-2.220576772107655528e-01
2.645322661330665505e+04,-2.220591221336639109e-01
2.647323661830915808e+04,-2.220605747628588700e-01
2.649324662331165746e+04,-2.220620348418972656e-01
2.651325662831415320e+04,-2.220635021065766046e-01
2.653326663331665623e+04,-2.220649762876613365e-01
2.655327663831915925e+04,-2.220664571135255172e-01
2.657328664332165863e+04,-2.220679443126887254e-01
2.659329664832416165e+04,-2.220694376162277439e-01
2.661330665332666103e+04,-2.220709367600555983e-01
2.663331665832916406e+04,-2.220724414870665353e-01
2.665332666333166344e+04,-2.220739515491453320e-01
2.667333666833416646e+04,-2.220754667090412138e-01
2.669334667333666584e+04,-2.220769867420986088e-01
2.671335667833916887e+04,-2.220785114378371061e-01
2.673336668334167189e+04,-2.220800406013657136e-01
2.675337668834417127e+04,-2.220815740546149275e-01
2.677338669334667429e+04,-2.220831116373687131e-01
2.679339669834917368e+04,-2.220846532080782143e-01
2.681340670335167670e+04,-2.220861986444407077e-01
2.683341670835417608e+04,-2.220877478437304486e-01
2.685342671335667910e+04,-2.220893007228711136e-01
2.687343671835918212e+04,-2.220908572182423990e-01
2.689344672336168151e+04,-2.220924172852184186e-01
2.691345672836418453e+04,-2.220939808974380925e-01
2.693346673336668391e+04,-2.220955480458112197e-01
2.695347673836918693e+04,-2.220971187372680899e-01
2.697348674337168632e+04,-2.220986929932644571e-01
2.699349674837418934e+04,-2.221002708480568910e-01
2.701350675337668872e+04,-2.221018523467715444e-01
2.703351675837919174e+04,-2.221034375432932029e-01
2.705352676338168749e+04,-2.221050264980114763e-01
2.707353676838419051e+04,-2.221066192754669044e-01
2.709354677338668989e+04,-2.221082159419508484e-01
2.711355677838919291e+04,-2.221098165631205101e-01
2.713356678339169594e+04,-2.221114212016980782e-01
2.715357678839419532e+04,-2.221130299153295795e-01
2.717358679339669834e+04,-2.221146427546800695e-01
2.719359679839919772e+04,-2.221162597618430157e-01
2.721360680340170074e+04,-2.221178809691335132e-01
2.723361680840420013e+04,-2.221195063983265883e-01
2.725362681340670315e+04,-2.221211360603846940e-01
2.727363681840920253e+04,-2.221227699557022650e-01
2.729364682341170555e+04,-2.221244080748704108e-01
2.731365682841420858e+04,-2.221260503999445968e-01
2.733366683341670796e+04,-2.221276969061748707e-01
2.735367683841921098e+04,-2.221293475641395176e-01
2.737368684342171036e+04,-2.221310023422064794e-01
2.739369684842421339e+04,-2.221326612092379971e-01
2.741370685342671277e+04,-2.221343241374471311e-01
2.743371685842921579e+04,-2.221359911053181480e-01
2.745372686343171517e+04,-2.221376621005048402e-01
2.747373686843421820e+04,-2.221393371226350055e-01
2.749374687343672122e+04,-2.221410161859571353e-01
2.751375687843922060e+04,-2.221426993217823220e-01
2.753376688344172362e+04,-2.221443865806868312e-01
2.755377688844422300e+04,-2.221460780344539088e-01
2.757378689344672603e+04,-2.221477737777442507e-01
2.759379689844922177e+04,-2.221494739294932463e-01
2.761380690345172479e+04,-2.221511786340394923e-01
2.763381690845422418e+04,-2.221528880619901003e-01
2.765382691345672720e+04,-2.221546024108317918e-01
2.767383691845922658e+04,-2.221563219052896665e-01
2.769384692346172960e+04,-2.221580467974343387e-01
2.771385692846422899e+04,-2.221597773665285880e-01
2.773386693346673201e+04,-2.221615139185965371e-01
2.775387693846923503e+04,-2.221632567856869633e-01
2.777388694347173441e+04,-2.221650063247902762e-01
2.779389694847423743e+04,-2.221667629163585067e-01
2.781390695347673682e+04,-2.221685269623628334e-01
2.783391695847923984e+04,-2.221702988838163972e-01
2.785392696348173922e+04,-2.221720791176794996e-01
2.787393696848424224e+04,-2.221738681130670523e-01
2.789394697348674526e+04,-2.221756663266803988e-01
2.791395697848924465e+04,-2.221774742174080497e-01
2.793396698349174767e+04,-2.221792922400687154e-01
2.795397698849424705e+04,-2.221811208383245584e-01
2.797398699349675007e+04,-2.221829604368615041e-01
2.799399699849924946e+04,-2.221848114330258750e-01
2.801400700350175248e+04,-2.221866741882154994e-01
2.803401700850425186e+04,-2.221885490194369650e-01
2.805402701350675488e+04,-2.221904361915527648e-01
2.807403701850925790e+04,-2.221923359108206597e-01
2.809404702351175729e+04,-2.221942483203618868e-01
2.811405702851426031e+04,-2.221961734981510728e-01
2.813406703351675969e+04,-2.221981114579911210e-01
2.815407703851925908e+04,-2.222000621537162657e-01
2.817408704352175846e+04,-2.222020254865733346e-01
2.819409704852426148e+04,-2.222040013154013283e-01
2.821410705352676086e+04,-2.222059894689174253e-01
2.823411705852926389e+04,-2.222079897591703324e-01
2.825412706353176327e+04,-2.222100019950905836e-01
2.827413706853426629e+04,-2.222120259950707832e-01
2.829414707353676567e+04,-2.222140615976445632e-01
2.831415707853926870e+04,-2.222161086695709775e-01
2.833416708354177172e+04,-2.222181671109308421e-01
2.835417708854427110e+04,-2.222202368571481179e-01
2.837418709354677412e+04,-2.222223178781354003e-01
2.839419709854927351e+04,-2.222244101749822343e-01
2.841420710355177653e+04,-2.222265137747638508e-01
2.843421710855427591e+04,-2.222286287241318770e-01
2.845422711355677893e+04,-2.222307550823695577e-01
2.847423711855927831e+04,-2.222328929145611642e-01
2.849424712356178134e+04,-2.222350422854455221e-01
2.851425712856428436e+04,-2.222372032544095433e-01
2.853426713356678374e+04,-2.222393758719360124e-01
2.855427713856928676e+04,-2.222415601776621397e-01
2.857428714357178615e+04,-2.222437562000441069e-01
2.859429714857428917e+04,-2.222459639574715651e-01
2.861430715357678855e+04,-2.222481834605518625e-01
2.863431715857929157e+04,-2.222504147151938003e-01
2.865432716358179459e+04,-2.222526577260824643e-01
2.867433716858429398e+04,-2.222549125001410109e-01
2.869434717358678972e+04,-2.222571790496289390e-01
2.871435717858929274e+04,-2.222594573946119478e-01
2.873436718359179213e+04,-2.222617475646443408e-01
2.875437718859429515e+04,-2.222640495996168197e-01
2.877438719359679817e+04,-2.222663635498276502e-01
2.879439719859929755e+04,-2.222686894754173081e-01
2.881440720360180057e+04,-2.222710274453694179e-01
2.883441720860429996e+04,-2.222733775363069098e-01
2.885442721360680298e+04,-2.222757398313156829e-01
2.887443721860930236e+04,-2.222781144190032199e-01
2.889444722361180538e+04,-2.222805013929532725e-01
2.891445722861430841e+04,-2.222829008516803706e-01
2.893446723361680779e+04,-2.222853128991204019e-01
2.895447723861931081e+04,-2.222877376456283416e-01
2.897448724362181019e+04,-2.222901752093932315e-01
2.899449724862431322e+04,-2.222926257181347398e-01
2.901450725362681260e+04,-2.222950893109127135e-01
2.903451725862931562e+04,-2.222975661398698677e-01
2.905452726363181500e+04,-2.223000563717307532e-01
2.907453726863431802e+04,-2.223025601889073166e-01
2.909454727363682105e+04,-2.223050777900948682e-01
2.911455727863932043e+04,-2.223076093902947858e-01
2.913456728364182345e+04,-2.223101552202526310e-01
2.915457728864432283e+04,-2.223127155253564191e-01
2.917458729364682586e+04,-2.223152905640903565e-01
2.919459729864932524e+04,-2.223178806061802681e-01
2.921460730365182826e+04,-2.223204859305901726e-01
2.923461730865432401e+04,-2.223231068235344554e-01
2.925462731365682703e+04,-2.223257435766499424e-01
2.927463731865932641e+04,-2.223283964854219363e-01
2.929464732366182943e+04,-2.223310658478867829e-01
2.931465732866432882e+04,-2.223337519635303627e-01
2.933466733366683184e+04,-2.223364551321847238e-01
2.935467733866933486e+04,-2.223391756525947005e-01
2.937468734367183424e+04,-2.223419138202005207e-01
2.939469734867433726e+04,-2.223446699235742119e-01
2.941470735367683665e+04,-2.223474442388846117e-01
2.943471735867933967e+04,-2.223502370217659563e-01
2.945472736368183905e+04,-2.223530484960600795e-01
2.947473736868434207e+04,-2.223558788391289398e-01
2.949474737368684146e+04,-2.223587281638020607e-01
2.951475737868934448e+04,-2.223615964975568238e-01
2.953476738369184750e+04,-2.223644837601931601e-01
2.955477738869434688e+04,-2.223673897419962409e-01
2.957478739369684990e+04,-2.223703140850413484e-01
2.959479739869934929e+04,-2.223732562707130544e-01
2.961480740370185231e+04,-2.223762156164763026e-01
2.963481740870435169e+04,-2.223791912842983942e-01
2.965482741370685471e+04,-2.223821823018607147e-01
2.967483741870935773e+04,-2.223851875959650948e-01
2.969484742371185712e+04,-2.223882060356943968e-01
2.971485742871436014e+04,-2.223912364813464271e-01
2.973486743371685952e+04,-2.223942778343293847e-01
2.975487743871936254e+04,-2.223973290832531868e-01
2.977488744372186193e+04,-2.224003893423071032e-01
2.979489744872436131e+04,-2.224034578793863681e-01
2.981490745372686069e+04,-2.224065341329323486e-01
2.983491745872936372e+04,-2.224096177177556366e-01
2.985492746373186310e+04,-2.224127084210112959e-01
2.987493746873436612e+04,-2.224158061899570715e-01
2.989494747373686550e+04,-2.224189111132227614e-01
2.991495747873936853e+04,-2.224220233971833383e-01
2.993496748374187155e+04,-2.224251433388142740e-01
2.995497748874437093e+04,-2.224282712962172004e-01
2.997498749374687395e+04,-2.224314076579217703e-01
2.999499749874937334e+04,-2.224345528121188242e-01
3.001500750375187636e+04,-2.224377071171397824e-01
3.003501750875437574e+04,-2.224408708747212526e-01
3.005502751375687876e+04,-2.224440443077817797e-01
3.007503751875937814e+04,-2.224472275444931146e-01
3.009504752376188117e+04,-2.224504206102462245e-01
3.011505752876438419e+04,-2.224536234286356440e-01
3.013506753376688357e+04,-2.224568358318309014e-01
3.015507753876938659e+04,-2.224600575797572588e-01
3.017508754377188598e+04,-2.224632883865528266e-01
3.019509754877438900e+04,-2.224665279519929817e-01
3.021510755377688838e+04,-2.224697759951473897e-01
3.023511755877939140e+04,-2.224730322875312916e-01
3.025512756378189079e+04,-2.224762966834076816e-01
3.027513756878439381e+04,-2.224795691455596081e-01
3.029514757378689683e+04,-2.224828497656214932e-01
3.031515757878939621e+04,-2.224861387787715195e-01
3.033516758379189196e+04,-2.224894365731422963e-01
3.035517758879439498e+04,-2.224927436946458337e-01
3.037518759379689800e+04,-2.224960608480511803e-01
3.039519759879939738e+04,-2.224993888951268539e-01
3.041520760380190040e+04,-2.225027288505288248e-01
3.043521760880439979e+04,-2.225060818759206083e-01
3.045522761380690281e+04,-2.225094492725984419e-01
3.047523761880940219e+04,-2.225128324726795559e-01
3.049524762381190521e+04,-2.225162330287175916e-01
3.051525762881440460e+04,-2.225196526014327769e-01
3.053526763381690762e+04,-2.225230929451000039e-01
3.055527763881941064e+04,-2.225265558900225149e-01
3.057528764382191002e+04,-2.225300433214551510e-01
3.059529764882441305e+04,-2.225335571543447244e-01
3.061530765382691243e+04,-2.225370993033649047e-01
3.063531765882941545e+04,-2.225406716479841618e-01
3.065532766383191483e+04,-2.225442759927628300e-01
3.067533766883441785e+04,-2.225479140237714148e-01
3.069534767383692088e+04,-2.225515872629417469e-01
3.071535767883942026e+04,-2.225552970232317351e-01
3.073536768384192328e+04,-2.225590443685073749e-01
3.075537768884442266e+04,-2.225628300827266759e-01
3.077538769384692569e+04,-2.225666546529929402e-01
3.079539769884942507e+04,-2.225705182700533358e-01
3.081540770385192809e+04,-2.225744208477984931e-01
3.083541770885442747e+04,-2.225783620605875923e-01
3.085542771385693050e+04,-2.225823413944260087e-01
3.087543771885942624e+04,-2.225863582059440515e-01
3.089544772386192926e+04,-2.225904117823714889e-01
3.091545772886442865e+04,-2.225945013964255037e-01
3.093546773386693167e+04,-2.225986263518842379e-01
3.095547773886943469e+04,-2.226027860179297935e-01
3.097548774387193407e+04,-2.226069798524111243e-01
3.099549774887443709e+04,-2.226112074155231213e-01
3.101550775387693648e+04,-2.226154683758834740e-01
3.103551775887943950e+04,-2.226197625107404765e-01
3.105552776388193888e+04,-2.226240897013708475e-01
3.107553776888444190e+04,-2.226284499239437609e-01
3.109554777388694129e+04,-2.226328432355059728e-01
3.111555777888944431e+04,-2.226372697544767021e-01
3.113556778389194733e+04,-2.226417296352004860e-01
3.115557778889444671e+04,-2.226462230367282358e-01
3.117558779389694973e+04,-2.226507500870125444e-01
3.119559779889944912e+04,-2.226553108449759733e-01
3.121560780390195214e+04,-2.226599052642267429e-01
3.123561780890445152e+04,-2.226645331632188252e-01
3.125562781390695454e+04,-2.226691942070125052e-01
3.127563781890945393e+04,-2.226738879051466946e-01
3.129564782391195695e+04,-2.226786136283547823e-01
3.131565782891445997e+04,-2.226833706441356253e-01
3.133566783391695935e+04,-2.226881581681012523e-01
3.135567783891946237e+04,-2.226929754253618166e-01
3.137568784392196176e+04,-2.226978217147001504e-01
3.139569784892446478e+04,-2.227026964682928822e-01
3.141570785392696416e+04,-2.227075993011059796e-01
3.143571785892946355e+04,-2.227125300462408086e-01
3.145572786393196293e+04,-2.227174887747086496e-01
3.147573786893446595e+04,-2.227224757997441906e-01
3.149574787393696533e+04,-2.227274916665212823e-01
3.151575787893946836e+04,-2.227325371280071131e-01
3.153576788394197138e+04,-2.227376131069532805e-01
3.155577788894447076e+04,-2.227427206430929729e-01
3.157578789394697378e+04,-2.227478608240336944e-01
3.159579789894947316e+04,-2.227530346986969501e-01
3.161580790395197619e+04,-2.227582431740451341e-01
3.163581790895447557e+04,-2.227634868996637985e-01
3.165582791395697859e+04,-2.227687661504191841e-01
3.167583791895947797e+04,-2.227740807238426934e-01
3.169584792396198100e+04,-2.227794298738609013e-01
3.171585792896448402e+04,-2.227848123029142202e-01
3.173586793396698340e+04,-2.227902262278466938e-01
3.175587793896948642e+04,-2.227956695211251448e-01
3.177588794397198581e+04,-2.228011399116249791e-01
3.179589794897448883e+04,-2.228066352147948792e-01
3.181590795397698821e+04,-2.228121535563173106e-01
3.183591795897949123e+04,-2.228176935582603657e-01
3.185592796398199062e+04,-2.228232544691115535e-01
3.187593796898449364e+04,-2.228288362332936645e-01
3.189594797398699666e+04,-2.228344395067902439e-01
3.191595797898949604e+04,-2.228400656311296524e-01
3.193596798399199906e+04,-2.228457165786499050e-01
3.195597798899449845e+04,-2.228513948795331490e-01
3.197598799399699783e+04,-2.228571035374875553e-01
3.199599799899949721e+04,-2.228628459375109616e-01
3.201600800400200023e+04,-2.228686257466002130e-01
3.203601800900449962e+04,-2.228744468068008244e-01
3.205602801400700264e+04,-2.228803130196319315e-01
3.207603801900950202e+04,-2.228862282215862689e-01
3.209604802401200504e+04,-2.228921960519809620e-01
3.211605802901450443e+04,-2.228982198168000251e-01
3.213606803401700745e+04,-2.229043023551845193e-01
3.215607803901951047e+04,-2.229104459186855847e-01
3.217608804402200985e+04,-2.229166520769159388e-01
3.219609804902451287e+04,-2.229229216659797119e-01
3.221610805402701226e+04,-2.229292547965199545e-01
3.223611805902951528e+04,-2.229356509343860260e-01
3.225612806403201466e+04,-2.229421090572844266e-01
3.227613806903451768e+04,-2.229486278759363893e-01
3.229614807403702071e+04,-2.229552060919714196e-01
3.231615807903952009e+04,-2.229618426528345576e-01
3.233616808404202311e+04,-2.229685369611301149e-01
3.235617808904452249e+04,-2.229752890027696111e-01
3.237618809404702552e+04,-2.229820993714860256e-01
3.239619809904952490e+04,-2.229889691816929476e-01
3.241620810405202792e+04,-2.229958998743372944e-01
3.243621810905452730e+04,-2.230028929320477804e-01
3.245622811405703033e+04,-2.230099495336383963e-01
3.247623811905953335e+04,-2.230170701959555690e-01
3.249624812406203273e+04,-2.230242544700538065e-01
3.251625812906452848e+04,-2.230315007685563233e-01
3.253626813406703150e+04,-2.230388063881870164e-01
3.255627813906953452e+04,-2.230461677491009098e-01
3.257628814407203390e+04,-2.230535808115529928e-01
3.259629814907453692e+04,-2.230610415778397082e-01
3.261630815407703631e+04,-2.230685465699053516e-01
3.263631815907953933e+04,-2.230760931967598615e-01
3.265632816408203871e+04,-2.230836799735539111e-01
3.267633816908454173e+04,-2.230913066001496692e-01
3.269634817408704112e+04,-2.230989739347445655e-01
3.271635817908954414e+04,-2.231066839054830775e-01
3.273636818409204716e+04,-2.231144393968709783e-01
3.275637818909454654e+04,-2.231222441362081532e-01
3.277638819409704593e+04,-2.231301025933220827e-01
3.279639819909955258e+04,-2.231380198965956796e-01
3.281640820410205197e+04,-2.231460017598887458e-01
3.283641820910455135e+04,-2.231540544083343847e-01
3.285642821410705074e+04,-2.231621844864521698e-01
3.287643821910955739e+04,-2.231703989304816005e-01
3.289644822411205678e+04,-2.231787047896644227e-01
3.291645822911455616e+04,-2.231871089897329574e-01
3.293646823411706282e+04,-2.231956180464455541e-01
3.295647823911956220e+04,-2.232042377555754631e-01
3.297648824412206159e+04,-2.232129729023581699e-01
3.299649824912456097e+04,-2.232218270387449632e-01
3.301650825412706763e+04,-2.232308023626522753e-01
3.303651825912956701e+04,-2.232398997002275898e-01
3.305652826413206640e+04,-2.232491185541855827e-01
3.307653826913456578e+04,-2.232584571612614976e-01
3.309654827413706516e+04,-2.232679125162019829e-01
3.311655827913956455e+04,-2.232774803649723305e-01
3.313656828414207121e+04,-2.232871552221191436e-01
3.315657828914457059e+04,-2.232969304953401624e-01
3.317658829414706997e+04,-2.233067987840161583e-01
3.319659829914957663e+04,-2.233167523620429584e-01
3.321660830415207602e+04,-2.233267837877887241e-01
3.323661830915457540e+04,-2.233368865417034999e-01
3.325662831415707478e+04,-2.233470555938814883e-01
3.327663831915958144e+04,-2.233572878403380368e-01
3.329664832416208083e+04,-2.233675823922781634e-01
3.331665832916458021e+04,-2.233779407356760727e-01
3.333666833416708687e+04,-2.233883667919770166e-01
3.335667833916958625e+04,-2.233988669088731449e-01
3.337668834417208564e+04,-2.234094498003864337e-01
3.339669834917458502e+04,-2.234201264434844680e-01
3.341670835417709168e+04,-2.234309099266320042e-01
3.343671835917959106e+04,-2.234418152345822861e-01
3.345672836418209044e+04,-2.234528589434793544e-01
3.347673836918458983e+04,-2.234640587921712662e-01
3.349674837418709649e+04,-2.234754330927892496e-01
3.351675837918959587e+04,-2.234869999516907735e-01
3.353676838419209525e+04,-2.234987762970555292e-01
3.355677838919460191e+04,-2.235107767542070245e-01
3.357678839419710130e+04,-2.235230124672797636e-01
3.359679839919960068e+04,-2.235354900202608519e-01
3.361680840420210006e+04,-2.235482106475240593e-01
3.363681840920459945e+04,-2.235611699395855800e-01
3.365682841420709883e+04,-2.235743582305483868e-01
3.367683841920960549e+04,-2.235877617506792370e-01
3.369684842421210487e+04,-2.236013644035426684e-01
3.371685842921460426e+04,-2.236151497661443555e-01
3.373686843421710364e+04,-2.236291028063244202e-01
3.375687843921961030e+04,-2.236432109712826743e-01
3.377688844422210968e+04,-2.236574646179798898e-01
3.379689844922460907e+04,-2.236718570266904849e-01
3.381690845422711573e+04,-2.236863843397542961e-01
3.383691845922961511e+04,-2.237010456970278116e-01
3.385692846423211449e+04,-2.237158436672035400e-01
3.387693846923461388e+04,-2.237307848920040143e-01
3.389694847423712054e+04,-2.237458807425641294e-01
3.391695847923961992e+04,-2.237611477538633542e-01
3.393696848424211930e+04,-2.237766076165721707e-01
3.395697848924462596e+04,-2.237922865147009832e-01
3.397698849424712535e+04,-2.238082135908106562e-01
3.399699849924962473e+04,-2.238244183594387815e-01
3.401700850425212411e+04,-2.238409271032328896e-01
3.403701850925463077e+04,-2.238577587959891813e-01
3.405702851425713015e+04,-2.238749218116962703e-01
3.407703851925962954e+04,-2.238924130837206539e-01
3.409704852426213620e+04,-2.239102207752623197e-01
3.411705852926463558e+04,-2.239283299212257161e-01
3.413706853426713496e+04,-2.239467290441329583e-01
3.415707853926963435e+04,-2.239654155498378152e-01
3.417708854427213373e+04,-2.239843986107758200e-01
3.419709854927463311e+04,-2.240036993193755266e-01
3.421710855427713977e+04,-2.240233486171324395e-01
3.423711855927963916e+04,-2.240433839241292024e-01
3.425712856428213854e+04,-2.240638456382532673e-01
3.427713856928463792e+04,-2.240847746268211371e-01
3.429714857428714458e+04,-2.241062112353479630e-01
3.431715857928964397e+04,-2.241281952107606334e-01
3.433716858429214335e+04,-2.241507648848014844e-01
3.435717858929465001e+04,-2.241739539514867319e-01
3.437718859429714939e+04,-2.241977859025907627e-01
3.439719859929964878e+04,-2.242222690163936938e-01
3.441720860430214816e+04,-2.242473959706444420e-01
3.443721860930465482e+04,-2.242731497700696242e-01
3.445722861430715420e+04,-2.242995147323486038e-01
3.447723861930965359e+04,-2.243264905712849255e-01
3.449724862431215297e+04,-2.243541067274589240e-01
3.451725862931465963e+04,-2.243824326421835491e-01
3.453726863431715901e+04,-2.244115804707196848e-01
3.455727863931965840e+04,-2.244416988545142044e-01
3.457728864432216506e+04,-2.244729574869943345e-01
3.459729864932466444e+04,-2.245055229481151271e-01
3.461730865432716382e+04,-2.245395289630801039e-01
3.463731865932966321e+04,-2.245750516312814415e-01
3.465732866433216986e+04,-2.246121075464438122e-01
3.467733866933466925e+04,-2.246506808899206564e-01
3.469734867433716863e+04,-2.246907648264238055e-01
3.471735867933966802e+04,-2.247324137067595873e-01
3.473736868434216740e+04,-2.247758117688264112e-01
3.475737868934466678e+04,-2.248213316445638044e-01
3.477738869434717344e+04,-2.248695332931864854e-01
3.479739869934967282e+04,-2.249210697925704550e-01
3.481740870435217221e+04,-2.249765403970053756e-01
3.483741870935467887e+04,-2.250364499704966825e-01
3.485742871435717825e+04,-2.251013614418065911e-01
3.487743871935967763e+04,-2.251721773673809046e-01
3.489744872436217702e+04,-2.252506476203123831e-01
3.491745872936468368e+04,-2.253400396825749330e-01
3.493746873436718306e+04,-2.254456863886945550e-01
3.495747873936968244e+04,-2.255774368208851299e-01
3.497748874437218910e+04,-2.257651456466494566e-01
3.499749874937468849e+04,-2.262729224162848274e-01
3.501750875437718787e+04,-2.267709588610022364e-01
3.503751875937968725e+04,-2.269190180607139617e-01
3.505752876438219391e+04,-2.269994766934667618e-01
3.507753876938469330e+04,-2.270500104673257857e-01
3.509754877438719268e+04,-2.270839418749415473e-01
3.511755877938969934e+04,-2.271077124539575276e-01
3.513756878439219872e+04,-2.271248996140741438e-01
3.515757878939469811e+04,-2.271376553015664324e-01
3.517758879439719749e+04,-2.271473446467049129e-01
3.519759879939970415e+04,-2.271548673172277544e-01
3.521760880440220353e+04,-2.271608333515870992e-01
3.523761880940470292e+04,-2.271656655231063249e-01
3.525762881440720230e+04,-2.271696618899197440e-01
3.527763881940970168e+04,-2.271730355144272739e-01
3.529764882441220107e+04,-2.271759404670863625e-01
3.531765882941470772e+04,-2.271784892683204327e-01
3.533766883441720711e+04,-2.271807648164047844e-01
3.535767883941970649e+04,-2.271828286737081759e-01
3.537768884442221315e+04,-2.271847268984790447e-01
3.539769884942471253e+04,-2.271864941946352690e-01
3.541770885442721192e+04,-2.271881568928747486e-01
3.543771885942971130e+04,-2.271897351101775653e-01
3.545772886443221796e+04,-2.271912443257849690e-01
3.547773886943471734e+04,-2.271926965390098363e-01
3.549774887443721673e+04,-2.271941011249578313e-01
3.551775887943972339e+04,-2.271954654704359255e-01
3.553776888444222277e+04,-2.271967954488629815e-01
3.555777888944472215e+04,-2.271980957765606379e-01
3.557778889444722154e+04,-2.271993702811753724e-01
3.559779889944972820e+04,-2.272006221046921348e-01
3.561780890445222758e+04,-2.272018538575437674e-01
3.563781890945472696e+04,-2.272030677360092898e-01
3.565782891445722635e+04,-2.272042656119518944e-01
3.567783891945973301e+04,-2.272054491016495259e-01
3.569784892446223239e+04,-2.272066196187698672e-01
3.571785892946473177e+04,-2.272077784152893298e-01
3.573786893446723843e+04,-2.272089266132178709e-01
3.575787893946973782e+04,-2.272100652292922407e-01
3.577788894447223720e+04,-2.272111951942782093e-01
3.579789894947473658e+04,-2.272123173681241948e-01
3.581790895447723597e+04,-2.272134325519133136e-01
3.583791895947973535e+04,-2.272145414973335831e-01
3.585792896448224201e+04,-2.272156449142144485e-01
3.587793896948474139e+04,-2.272167434765488547e-01
3.589794897448724078e+04,-2.272178378273185528e-01
3.591795897948974016e+04,-2.272189285823670579e-01
3.593796898449224682e+04,-2.272200163335038603e-01
3.595797898949474620e+04,-2.272211016509820269e-01
3.597798899449724559e+04,-2.272221850854558300e-01
3.599799899949975224e+04,-2.272232671695006423e-01
3.601800900450225163e+04,-2.272243484187569662e-01
3.603801900950475101e+04,-2.272254293327478081e-01
3.605802901450725039e+04,-2.272265103954068388e-01
3.607803901950975705e+04,-2.272275920753490941e-01
3.609804902451225644e+04,-2.272286748259105815e-01
3.611805902951475582e+04,-2.272297590849812754e-01
3.613806903451726248e+04,-2.272308452746560625e-01
3.615807903951976186e+04,-2.272319338007284251e-01
3.617808904452226125e+04,-2.272330250520543382e-01
3.619809904952476063e+04,-2.272341193998166919e-01
3.621810905452726729e+04,-2.272352171967243484e-01
3.623811905952976667e+04,-2.272363187761821390e-01
3.625812906453226606e+04,-2.272374244514744068e-01
3.627813906953477272e+04,-2.272385345150024494e-01
3.629814907453727210e+04,-2.272396492376218269e-01
3.631815907953977148e+04,-2.272407688681213067e-01
3.633816908454227087e+04,-2.272418936328848837e-01
3.635817908954477025e+04,-2.272430237357711547e-01
3.637818909454726963e+04,-2.272441593582390507e-01
3.639819909954977629e+04,-2.272453006597364988e-01
3.641820910455227568e+04,-2.272464477783596448e-01
3.643821910955477506e+04,-2.272476008317753926e-01
3.645822911455727444e+04,-2.272487599183864448e-01
3.647823911955978110e+04,-2.272499251187061753e-01
3.649824912456228049e+04,-2.272510964968963432e-01
3.651825912956477987e+04,-2.272522741024108617e-01
3.653826913456728653e+04,-2.272534579716816994e-01
3.655827913956978591e+04,-2.272546481297766929e-01
3.657828914457228529e+04,-2.272558445919587999e-01
3.659829914957478468e+04,-2.272570473650766809e-01
3.661830915457729134e+04,-2.272582564487236056e-01
3.663831915957979072e+04,-2.272594718361071464e-01
3.665832916458229010e+04,-2.272606935145847218e-01
3.667833916958478949e+04,-2.272619214658317677e-01
3.669834917458729615e+04,-2.272631556656234397e-01
3.671835917958979553e+04,-2.272643960832279875e-01
3.673836918459229491e+04,-2.272656426804240126e-01
3.675837918959480157e+04,-2.272668954101745853e-01
3.677838919459730096e+04,-2.272681542150066514e-01
3.679839919959980034e+04,-2.272694190251621782e-01
3.681840920460229972e+04,-2.272706897566053041e-01
3.683841920960480638e+04,-2.272719663089824704e-01
3.685842921460730577e+04,-2.272732485636469735e-01
3.687843921960980515e+04,-2.272745363818637065e-01
3.689844922461230453e+04,-2.272758296033137448e-01
3.691845922961480392e+04,-2.272771280450124332e-01
3.693846923461730330e+04,-2.272784315007395362e-01
3.695847923961980996e+04,-2.272797397410611653e-01
3.697848924462230934e+04,-2.272810525139913884e-01
3.699849924962480873e+04,-2.272823695463077887e-01
3.701850925462731539e+04,-2.272836905454975742e-01
3.703851925962981477e+04,-2.272850152022699022e-01
3.705852926463231415e+04,-2.272863431935391310e-01
3.707853926963481354e+04,-2.272876741857534355e-01
3.709854927463732020e+04,-2.272890078384273149e-01
3.711855927963981958e+04,-2.272903438077293614e-01
3.713856928464231896e+04,-2.272916817499827657e-01
3.715857928964482562e+04,-2.272930213249505782e-01
3.717858929464732500e+04,-2.272943621988033625e-01
3.719859929964982439e+04,-2.272957040466923040e-01
3.721860930465232377e+04,-2.272970465548845020e-01
3.723861930965483043e+04,-2.272983894224442913e-01
3.725862931465732981e+04,-2.272997323624690591e-01
3.727863931965982920e+04,-2.273010751029127252e-01
3.729864932466233586e+04,-2.273024173870389075e-01
3.731865932966483524e+04,-2.273037589735598107e-01
3.733866933466733462e+04,-2.273050996365177656e-01
3.735867933966983401e+04,-2.273064391649675942e-01
3.737868934467234067e+04,-2.273077773625118425e-01
3.739869934967484005e+04,-2.273091140467378424e-01
3.741870935467733943e+04,-2.273104490485971796e-01
3.743871935967983882e+04,-2.273117822117595999e-01
3.745872936468233820e+04,-2.273131133919674973e-01
3.747873936968483758e+04,-2.273144424564104982e-01
3.749874937468734424e+04,-2.273157692831313526e-01
3.751875937968984363e+04,-2.273170937604730713e-01
3.753876938469234301e+04,-2.273184157865694166e-01
3.755877938969484967e+04,-2.273197352688806350e-01
3.757878939469734905e+04,-2.273210521237722659e-01
3.759879939969984844e+04,-2.273223662761350294e-01
3.761880940470234782e+04,-2.273236776590402686e-01
3.763881940970485448e+04,-2.273249862134291699e-01
3.765882941470735386e+04,-2.273262918878282968e-01
3.767883941970985325e+04,-2.273275946380901580e-01
3.769884942471235263e+04,-2.273288944271528722e-01
3.771885942971485929e+04,-2.273301912248172352e-01
3.773886943471735867e+04,-2.273314850075368321e-01
3.775887943971985806e+04,-2.273327757582201125e-01
3.777888944472236471e+04,-2.273340634660424575e-01
3.779889944972486410e+04,-2.273353481262658515e-01
3.781890945472736348e+04,-2.273366297400669367e-01
3.783891945972986287e+04,-2.273379083143715340e-01
3.785892946473236952e+04,-2.273391838616956317e-01
3.787893946973486891e+04,-2.273404563999936179e-01
3.789894947473736829e+04,-2.273417259525121192e-01
3.791895947973987495e+04,-2.273429925476512792e-01
3.793896948474237433e+04,-2.273442562188334737e-01
3.795897948974487372e+04,-2.273455170043786056e-01
3.797898949474737310e+04,-2.273467749473878918e-01
3.799899949974987248e+04,-2.273480300956358391e-01
3.801900950475237187e+04,-2.273492825014704621e-01
3.803901950975487853e+04,-2.273505322217226898e-01
3.805902951475737791e+04,-2.273517793176250135e-01
3.807903951975987729e+04,-2.273530238547393223e-01
3.809904952476237668e+04,-2.273542659028951196e-01
3.811905952976488334e+04,-2.273555055361372035e-01
3.813906953476738272e+04,-2.273567428326838669e-01
3.815907953976988210e+04,-2.273579778748950619e-01
3.817908954477238876e+04,-2.273592107492516390e-01
3.819909954977488815e+04,-2.273604415463447437e-01
3.821910955477738753e+04,-2.273616703608759837e-01
3.823911955977988691e+04,-2.273628972916688362e-01
3.825912956478239357e+04,-2.273641224416903250e-01
3.827913956978489296e+04,-2.273653459180839109e-01
3.829914957478739234e+04,-2.273665678322139561e-01
3.831915957978989900e+04,-2.273677882997203192e-01
3.833916958479239838e+04,-2.273690074405846639e-01
3.835917958979489777e+04,-2.273702253792082018e-01
3.837918959479739715e+04,-2.273714422444998440e-01
3.839919959979990381e+04,-2.273726581699763438e-01
3.841920960480240319e+04,-2.273738732938733742e-01
3.843921960980490257e+04,-2.273750877592674857e-01
3.845922961480740196e+04,-2.273763017142096110e-01
3.847923961980990862e+04,-2.273775153118687276e-01
3.849924962481240800e+04,-2.273787287106872890e-01
3.851925962981490738e+04,-2.273799420745456767e-01
3.853926963481740677e+04,-2.273811555729369493e-01
3.855927963981990615e+04,-2.273823693811513336e-01
3.857928964482241281e+04,-2.273835836804677935e-01
3.859929964982491219e+04,-2.273847986583539815e-01
3.861930965482741158e+04,-2.273860145086710749e-01
3.863931965982991096e+04,-2.273872314318838017e-01
3.865932966483241762e+04,-2.273884496352711337e-01
3.867933966983491700e+04,-2.273896693331373953e-01
3.869934967483741639e+04,-2.273908907470193197e-01
3.871935967983991577e+04,-2.273921141058854456e-01
3.873936968484242243e+04,-2.273933396463228285e-01
3.875937968984492181e+04,-2.273945676127069326e-01
3.877938969484742120e+04,-2.273957982573470982e-01
3.879939969984992786e+04,-2.273970318405997559e-01
3.881940970485242724e+04,-2.273982686309427570e-01
3.883941970985492662e+04,-2.273995089049982155e-01
3.885942971485742601e+04,-2.274007529474943445e-01
3.887943971985993267e+04,-2.274020010511526302e-01
3.889944972486243205e+04,-2.274032535164863811e-01
3.891945972986493143e+04,-2.274045106514947234e-01
3.893946973486743809e+04,-2.274057727712355814e-01
3.895947973986993748e+04,-2.274070401972585476e-01
3.897948974487243686e+04,-2.274083132568806842e-01
3.899949974987493624e+04,-2.274095922822847449e-01
3.901950975487744290e+04,-2.274108776094222739e-01
3.903951975987994228e+04,-2.274121695767058471e-01
3.905952976488244167e+04,-2.274134685234744102e-01
3.907953976988494105e+04,-2.274147747882244441e-01
3.909954977488744044e+04,-2.274160887066015158e-01
3.911955977988993982e+04,-2.274174106091568226e-01
3.913956978489244648e+04,-2.274187408188819148e-01
3.915957978989494586e+04,-2.274200796485475740e-01
3.917958979489744524e+04,-2.274214273978845957e-01
3.919959979989995190e+04,-2.274227843506602675e-01
3.921960980490245129e+04,-2.274241507717188193e-01
3.923961980990495067e+04,-2.274255269040690031e-01
3.925962981490745005e+04,-2.274269129661151134e-01
3.927963981990995671e+04,-2.274283091491370312e-01
3.929964982491245610e+04,-2.274297156151315891e-01
3.931965982991495548e+04,-2.274311324951238111e-01
3.933966983491746214e+04,-2.274325598880485022e-01
3.935967983991996152e+04,-2.274339978602869794e-01
3.937968984492246091e+04,-2.274354464459142910e-01
3.939969984992496029e+04,-2.274369056476829298e-01
3.941970985492746695e+04,-2.274383754387272472e-01
3.943971985992996633e+04,-2.274398557649332797e-01
3.945972986493246572e+04,-2.274413465478781204e-01
3.947973986993496510e+04,-2.274428476882052186e-01
3.949974987493747176e+04,-2.274443590692753203e-01
3.951975987993997114e+04,-2.274458805609154421e-01
3.953976988494247053e+04,-2.274474120230798591e-01
3.955977988994497719e+04,-2.274489533092471094e-01
3.957978989494747657e+04,-2.274505042693931445e-01
3.959979989994997595e+04,-2.274520647524100325e-01
3.961980990495247534e+04,-2.274536346078735172e-01
3.963981990995497472e+04,-2.274552136871036134e-01
3.965982991495747410e+04,-2.274568018435019490e-01
3.967983991995998076e+04,-2.274583989321917188e-01
3.969984992496248015e+04,-2.274600048090219817e-01
3.971985992996497953e+04,-2.274616193290346366e-01
3.973986993496747891e+04,-2.274632423445174800e-01
3.975987993996998557e+04,-2.274648737027936407e-01
3.977988994497248495e+04,-2.274665132439085136e-01
3.979989994997498434e+04,-2.274681607983865539e-01
3.981990995497749100e+04,-2.274698161852240497e-01
3.983991995997999038e+04,-2.274714792102766336e-01
3.985992996498248976e+04,-2.274731496651722917e-01
3.987993996998498915e+04,-2.274748273268547005e-01
3.989994997498749581e+04,-2.274765119578157635e-01
3.991995997998999519e+04,-2.274782033070363585e-01
3.993996998499249457e+04,-2.274799011116026559e-01
3.995997998999500123e+04,-2.274816050989236782e-01
3.997998999499750062e+04,-2.274833149894359974e-01
4.000000000000000000e+04,-2.274850304996543782e-01
