# time, f
0.000000000000000000e+00,-1.365722634039226169e-01
2.001000500250125214e+01,-1.399421338383228797e-01
4.002001000500250427e+01,-1.424717785803400749e-01
6.003001500750375641e+01,-1.445566167781173472e-01
8.004002001000500854e+01,-1.464587486772631897e-01
1.000500250125062536e+02,-1.485448017717069802e-01
1.200600300150075128e+02,-1.504726943396830496e-01
1.400700350175087578e+02,-1.522166798315788827e-01
1.600800400200100171e+02,-1.538009012967793410e-01
1.800900450225112479e+02,-1.552608283330889627e-01
2.001000500250125071e+02,-1.566236492718404982e-01
2.201100550275137380e+02,-1.579051497127276493e-01
2.401200600300150256e+02,-1.591165031877299907e-01
2.601300650325162565e+02,-1.602706509978407690e-01
2.801400700350175157e+02,-1.613670084185706288e-01
3.001500750375187749e+02,-1.624206864008053974e-01
3.201600800400200342e+02,-1.634252261989972699e-01
3.401700850425212366e+02,-1.643770523193340549e-01
3.601800900450224958e+02,-1.652812744059029282e-01
3.801900950475236982e+02,-1.661342455907555693e-01
4.002001000500250143e+02,-1.669407438872970995e-01
4.202101050525262735e+02,-1.677004684424293068e-01
4.402201100550274759e+02,-1.684116431339279518e-01
4.602301150575287352e+02,-1.690829687360342892e-01
4.802401200600300513e+02,-1.697219648844280615e-01
5.002501250625312537e+02,-1.703270128583346255e-01
5.202601300650325129e+02,-1.709062171982679013e-01
5.402701350675338290e+02,-1.714619076989650770e-01
5.602801400700350314e+02,-1.719962571998121803e-01
5.802901450725362338e+02,-1.725140017709878848e-01
6.003001500750375499e+02,-1.730173909856990710e-01
6.203101550775387523e+02,-1.735080481055350510e-01
6.403201600800400684e+02,-1.739887250870180979e-01
6.603301650825412707e+02,-1.744604279496458632e-01
6.803401700850424731e+02,-1.749226238531893518e-01
7.003501750875437892e+02,-1.753755950379813355e-01
7.203601800900449916e+02,-1.758208367259631588e-01
7.403701850925463077e+02,-1.762612909733688171e-01
7.603801900950473964e+02,-1.767001936917038940e-01
7.803901950975487125e+02,-1.771353580265276340e-01
8.004002001000500286e+02,-1.775633316756475011e-01
8.204102051025512310e+02,-1.779852233364917213e-01
8.404202101050525471e+02,-1.784013967415487567e-01
8.604302151075538632e+02,-1.788130735959947704e-01
8.804402201100549519e+02,-1.792239839907170673e-01
9.004502251125562680e+02,-1.796312474404236637e-01
9.204602301150574704e+02,-1.800327330606785736e-01
9.404702351175587864e+02,-1.804290777797586121e-01
9.604802401200601025e+02,-1.808172402854174299e-01
9.804902451225613049e+02,-1.811997789344741150e-01
1.000500250125062507e+03,-1.815758090066101060e-01
1.020510255127563710e+03,-1.819412339299090464e-01
1.040520260130065026e+03,-1.822976730414229141e-01
1.060530265132566228e+03,-1.826448974885094556e-01
1.080540270135067658e+03,-1.829825219143986492e-01
1.100550275137568860e+03,-1.833110433773360859e-01
1.120560280140070063e+03,-1.836290318486205608e-01
1.140570285142571265e+03,-1.839371743935469539e-01
1.160580290145072468e+03,-1.842367684900781954e-01
1.180590295147573897e+03,-1.845260491325529939e-01
1.200600300150075100e+03,-1.848052295439478188e-01
1.220610305152576302e+03,-1.850767624732863603e-01
1.240620310155077505e+03,-1.853404649457801312e-01
1.260630315157578707e+03,-1.855952065827369823e-01
1.280640320160080137e+03,-1.858423292840320484e-01
1.300650325162581339e+03,-1.860839019235571157e-01
1.320660330165082541e+03,-1.863202793333958718e-01
1.340670335167583971e+03,-1.865508437997878410e-01
1.360680340170084946e+03,-1.867748096551713755e-01
1.380690345172586376e+03,-1.869923758691376947e-01
1.400700350175087578e+03,-1.872047812990424165e-01
1.420710355177588781e+03,-1.874131346152390631e-01
1.440720360180089983e+03,-1.876178046334704419e-01
1.460730365182591186e+03,-1.878181929021890129e-01
1.480740370185092615e+03,-1.880135518699059538e-01
1.500750375187593818e+03,-1.882042658717992256e-01
1.520760380190094793e+03,-1.883915289601628407e-01
1.540770385192596223e+03,-1.885764067655148757e-01
1.560780390195097425e+03,-1.887591791873698965e-01
1.580790395197598855e+03,-1.889391868042101241e-01
1.600800400200100057e+03,-1.891155879740398782e-01
1.620810405202601487e+03,-1.892883753725292106e-01
1.640820410205102462e+03,-1.894583388625053766e-01
1.660830415207603664e+03,-1.896263002338287040e-01
1.680840420210105094e+03,-1.897924821256081473e-01
1.700850425212606297e+03,-1.899564808938822291e-01
1.720860430215107726e+03,-1.901177670910267903e-01
1.740870435217608701e+03,-1.902763081074126672e-01
1.760880440220109904e+03,-1.904325864082988540e-01
1.780890445222611334e+03,-1.905872083647845161e-01
1.800900450225112536e+03,-1.907405030305183158e-01
1.820910455227613966e+03,-1.908924349740107607e-01
1.840920460230114941e+03,-1.910428787085213242e-01
1.860930465232616370e+03,-1.911919442815806780e-01
1.880940470235117573e+03,-1.913399748254791810e-01
1.900950475237618775e+03,-1.914872635749979568e-01
1.920960480240120205e+03,-1.916337204489889368e-01
1.940970485242621180e+03,-1.917788141655049905e-01
1.960980490245122610e+03,-1.919219374252417731e-01
1.980990495247623812e+03,-1.920629014286576453e-01
2.001000500250125015e+03,-1.922021441163368205e-01
2.021010505252626444e+03,-1.923404912299548075e-01
2.041020510255127419e+03,-1.924786863619112054e-01
2.061030515257628849e+03,-1.926168768774201845e-01
2.081040520260130052e+03,-1.927544824530308676e-01
2.101050525262631254e+03,-1.928907368559422408e-01
2.121060530265132456e+03,-1.930253763462582706e-01
2.141070535267633659e+03,-1.931587677410999682e-01
2.161080540270135316e+03,-1.932915782868220300e-01
2.181090545272636064e+03,-1.934243325152309456e-01
2.201100550275137721e+03,-1.935570421926960660e-01
2.221110555277638923e+03,-1.936892426647118526e-01
2.241120560280140126e+03,-1.938204379964214019e-01
2.261130565282641328e+03,-1.939504667668621729e-01
2.281140570285142530e+03,-1.940795389571249585e-01
2.301150575287643733e+03,-1.942080831545071606e-01
2.321160580290144935e+03,-1.943364507005340136e-01
2.341170585292646138e+03,-1.944646303628949358e-01
2.361180590295147795e+03,-1.945923284103023565e-01
2.381190595297648542e+03,-1.947193484043464595e-01
2.401200600300150199e+03,-1.948458216690318323e-01
2.421210605302651402e+03,-1.949720788824274853e-01
2.441220610305152604e+03,-1.950984044315023647e-01
2.461230615307653807e+03,-1.952248528813465278e-01
2.481240620310155009e+03,-1.953511492288190765e-01
2.501250625312656211e+03,-1.954768122683895049e-01
2.521260630315157414e+03,-1.956014779316210817e-01
2.541270635317659071e+03,-1.957251742652124371e-01
2.561280640320160273e+03,-1.958483165299984563e-01
2.581290645322661021e+03,-1.959714594205952676e-01
2.601300650325162678e+03,-1.960949371978273625e-01
2.621310655327663881e+03,-1.962185826320374527e-01
2.641320660330165083e+03,-1.963418189387850232e-01
2.661330665332666285e+03,-1.964640338741603376e-01
2.681340670335167943e+03,-1.965849300184961956e-01
2.701350675337668690e+03,-1.967046634325554377e-01
2.721360680340169893e+03,-1.968237253516355867e-01
2.741370685342671550e+03,-1.969426749063383497e-01
2.761380690345172752e+03,-1.970618244680245601e-01
2.781390695347673500e+03,-1.971810902478262351e-01
2.801400700350175157e+03,-1.973001141048515150e-01
2.821410705352676359e+03,-1.974185383589404930e-01
2.841420710355177562e+03,-1.975362670362195150e-01
2.861430715357678764e+03,-1.976534760816550385e-01
2.881440720360179967e+03,-1.977704390370171594e-01
2.901450725362681624e+03,-1.978873501766528487e-01
2.921460730365182371e+03,-1.980042494748290305e-01
2.941470735367684028e+03,-1.981210733083046405e-01
2.961480740370185231e+03,-1.982376417229652910e-01
2.981490745372685979e+03,-1.983536899510719709e-01
3.001500750375187636e+03,-1.984691080713154310e-01
3.021510755377688838e+03,-1.985840580882358708e-01
3.041520760380189586e+03,-1.986987931808503194e-01
3.061530765382691243e+03,-1.988134016435499640e-01
3.081540770385192445e+03,-1.989277770617459140e-01
3.101550775387694102e+03,-1.990417844786671608e-01
3.121560780390194850e+03,-1.991552764518464136e-01
3.141570785392696507e+03,-1.992680151483371964e-01
3.161580790395197710e+03,-1.993798115867724818e-01
3.181590795397698457e+03,-1.994907376325635029e-01
3.201600800400200114e+03,-1.996011017056310288e-01
3.221610805402701317e+03,-1.997112262673620131e-01
3.241620810405202974e+03,-1.998212632937609312e-01
3.261630815407703722e+03,-1.999312191531716354e-01
3.281640820410204924e+03,-2.000410387363219245e-01
3.301650825412706581e+03,-2.001505552368184893e-01
3.321660830415207329e+03,-2.002595099892276742e-01
3.341670835417708986e+03,-2.003677735510809854e-01
3.361680840420210188e+03,-2.004754699149782493e-01
3.381690845422710936e+03,-2.005828726224052061e-01
3.401700850425212593e+03,-2.006902235465263529e-01
3.421710855427713796e+03,-2.007976100036065470e-01
3.441720860430215453e+03,-2.009049289737823152e-01
3.461730865432716200e+03,-2.010119007647217515e-01
3.481740870435217403e+03,-2.011181735213647126e-01
3.501750875437719060e+03,-2.012235148954852337e-01
3.521760880440219807e+03,-2.013279406215578160e-01
3.541770885442721465e+03,-2.014317172785214938e-01
3.561780890445222667e+03,-2.015352747379781928e-01
3.581790895447724324e+03,-2.016390343118158734e-01
3.601800900450225072e+03,-2.017431790228908506e-01
3.621810905452726274e+03,-2.018475247208939005e-01
3.641820910455227931e+03,-2.019516720228412832e-01
3.661830915457728679e+03,-2.020552842107948555e-01
3.681840920460229881e+03,-2.021581998153818283e-01
3.701850925462731539e+03,-2.022604069305426744e-01
3.721860930465232741e+03,-2.023620153456816839e-01
3.741870935467733943e+03,-2.024632051126387111e-01
3.761880940470235146e+03,-2.025640653883282183e-01
3.781890945472736348e+03,-2.026644836298288899e-01
3.801900950475237551e+03,-2.027643087061125338e-01
3.821910955477738753e+03,-2.028635471313545713e-01
3.841920960480240410e+03,-2.029623581759713025e-01
3.861930965482741158e+03,-2.030609674387271746e-01
3.881940970485242360e+03,-2.031595973539082056e-01
3.901950975487744017e+03,-2.032583660966804373e-01
3.921960980490245220e+03,-2.033571515191869572e-01
3.941970985492746422e+03,-2.034556391090526495e-01
3.961980990495247624e+03,-2.035535715388464006e-01
3.981990995497748827e+03,-2.036508947612710452e-01
4.002001000500250029e+03,-2.037477400106887104e-01
4.022011005502751232e+03,-2.038443276240491653e-01
4.042021010505252889e+03,-2.039408120364935018e-01
4.062031015507754091e+03,-2.040371095212033248e-01
4.082041020510254839e+03,-2.041329185140400293e-01
4.102051025512756496e+03,-2.042280070138055570e-01
4.122061030515257698e+03,-2.043223943673178888e-01
4.142071035517758901e+03,-2.044163025870020522e-01
4.162081040520260103e+03,-2.045100584735149440e-01
4.182091045522761306e+03,-2.046039732337147643e-01
4.202101050525262508e+03,-2.046981508568291308e-01
4.222111055527763710e+03,-2.047923608717124033e-01
4.242121060530264913e+03,-2.048862208978139698e-01
4.262131065532767025e+03,-2.049795115031614046e-01
4.282141070535267318e+03,-2.050722723321692365e-01
4.302151075537768520e+03,-2.051647210826488266e-01
4.322161080540270632e+03,-2.052571392349098467e-01
4.342171085542770925e+03,-2.053497314760223957e-01
4.362181090545272127e+03,-2.054424610876725565e-01
4.382191095547774239e+03,-2.055350566499723752e-01
4.402201100550275441e+03,-2.056272536904336368e-01
4.422211105552776644e+03,-2.057189423620983115e-01
4.442221110555277846e+03,-2.058101400112352652e-01
4.462231115557779049e+03,-2.059009524855509310e-01
4.482241120560280251e+03,-2.059915249936062898e-01
4.502251125562781453e+03,-2.060819085998400746e-01
4.522261130565282656e+03,-2.061719529688460228e-01
4.542271135567783858e+03,-2.062614527867412950e-01
4.562281140570285061e+03,-2.063503895427550583e-01
4.582291145572786263e+03,-2.064389632141982456e-01
4.602301150575287465e+03,-2.065274801145349504e-01
4.622311155577788668e+03,-2.066162254640839802e-01
4.642321160580289870e+03,-2.067053374361733920e-01
4.662331165582791982e+03,-2.067947055053290517e-01
4.682341170585292275e+03,-2.068840108431468372e-01
4.702351175587793477e+03,-2.069729596086443135e-01
4.722361180590295589e+03,-2.070614575997545559e-01
4.742371185592796792e+03,-2.071495953388441114e-01
4.762381190595297085e+03,-2.072375762907685270e-01
4.782391195597799197e+03,-2.073256408942333040e-01
4.802401200600300399e+03,-2.074139399150627394e-01
4.822411205602801601e+03,-2.075023680638662937e-01
4.842421210605302804e+03,-2.075905536129147022e-01
4.862431215607804006e+03,-2.076781230602573469e-01
4.882441220610305209e+03,-2.077649438651913427e-01
4.902451225612806411e+03,-2.078511348360951583e-01
4.922461230615307613e+03,-2.079369722737672288e-01
4.942471235617808816e+03,-2.080228011599078719e-01
4.962481240620310018e+03,-2.081089396975793482e-01
4.982491245622811221e+03,-2.081955468855308522e-01
5.002501250625312423e+03,-2.082825312414866015e-01
5.022511255627813625e+03,-2.083696326611794714e-01
5.042521260630314828e+03,-2.084565936269577313e-01
5.062531265632816030e+03,-2.085432600249142454e-01
5.082541270635318142e+03,-2.086296035199550758e-01
5.102551275637818435e+03,-2.087157023123369648e-01
5.122561280640320547e+03,-2.088016989760565212e-01
5.142571285642821749e+03,-2.088877256749266387e-01
5.162581290645322042e+03,-2.089738120955841605e-01
5.182591295647824154e+03,-2.090598804316860793e-01
5.202601300650325356e+03,-2.091458607482155896e-01
5.222611305652826559e+03,-2.092317653740125849e-01
5.242621310655327761e+03,-2.093176690590556055e-01
5.262631315657828054e+03,-2.094036976150874529e-01
5.282641320660330166e+03,-2.094900361922656107e-01
5.302651325662831368e+03,-2.095768945127560179e-01
5.322661330665332571e+03,-2.096644126451807921e-01
5.342671335667833773e+03,-2.097525541065211607e-01
5.362681340670335885e+03,-2.098410932585786093e-01
5.382691345672837087e+03,-2.099297501750900796e-01
5.402701350675337380e+03,-2.100183396142196179e-01
5.422711355677838583e+03,-2.101068113969392082e-01
5.442721360680339785e+03,-2.101952154800023898e-01
5.462731365682840988e+03,-2.102836640012743785e-01
5.482741370685343099e+03,-2.103723226516182043e-01
5.502751375687844302e+03,-2.104614043069374940e-01
5.522761380690345504e+03,-2.105511149351935174e-01
5.542771385692845797e+03,-2.106415679752960401e-01
5.562781390695347000e+03,-2.107327589212156793e-01
5.582791395697849111e+03,-2.108246297124148072e-01
5.602801400700350314e+03,-2.109171441444542827e-01
5.622811405702851516e+03,-2.110103255438169068e-01
5.642821410705352719e+03,-2.111042603469371892e-01
5.662831415707854831e+03,-2.111990819257905105e-01
5.682841420710355123e+03,-2.112949528818402201e-01
5.702851425712856326e+03,-2.113920473353017859e-01
5.722861430715357528e+03,-2.114905166146457682e-01
5.742871435717858731e+03,-2.115904301458996217e-01
5.762881440720359933e+03,-2.116917264169500545e-01
5.782891445722862045e+03,-2.117942463023017030e-01
5.802901450725363247e+03,-2.118978730071635341e-01
5.822911455727863540e+03,-2.120027047382180285e-01
5.842921460730364743e+03,-2.121091526873409849e-01
5.862931465732865945e+03,-2.122179063719108749e-01
5.882941470735368057e+03,-2.123297753376189589e-01
5.902951475737869259e+03,-2.124454485438601326e-01
5.922961480740370462e+03,-2.125652702275990236e-01
5.942971485742870755e+03,-2.126892652825367880e-01
5.962981490745371957e+03,-2.128175521207325838e-01
5.982991495747874069e+03,-2.129509831868588721e-01
6.003001500750375271e+03,-2.130915920914170369e-01
6.023011505752876474e+03,-2.132422390407598956e-01
6.043021510755377676e+03,-2.134058279327749885e-01
6.063031515757879788e+03,-2.135867182306131207e-01
6.083041520760379171e+03,-2.137973506752610664e-01
6.103051525762881283e+03,-2.140761261113073022e-01
6.123061530765382486e+03,-2.147532304422594407e-01
6.143071535767883688e+03,-2.152697782473865229e-01
6.163081540770384890e+03,-2.154698685522245249e-01
6.183091545772887002e+03,-2.155981448085298458e-01
6.203101550775388205e+03,-2.156919981234362571e-01
6.223111555777888498e+03,-2.157666782266496608e-01
6.243121560780389700e+03,-2.158301414121538975e-01
6.263131565782890902e+03,-2.158869155511283777e-01
6.283141570785393014e+03,-2.159396953517833395e-01
6.303151575787894217e+03,-2.159901366682598634e-01
6.323161580790395419e+03,-2.160392928773806065e-01
6.343171585792896622e+03,-2.160878576390899142e-01
6.363181590795396914e+03,-2.161362886400945149e-01
6.383191595797899026e+03,-2.161848614967184501e-01
6.403201600800400229e+03,-2.162337016036713078e-01
6.423211605802901431e+03,-2.162828264800648048e-01
6.443221610805402634e+03,-2.163321900971672263e-01
6.463231615807904745e+03,-2.163817090517691777e-01
6.483241620810405948e+03,-2.164312797916913833e-01
6.503251625812906241e+03,-2.164808043144788308e-01
6.523261630815407443e+03,-2.165302206413576291e-01
6.543271635817908646e+03,-2.165795220057227244e-01
6.563281640820409848e+03,-2.166287561492703517e-01
6.583291645822911960e+03,-2.166780065347709838e-01
6.603301650825413162e+03,-2.167273605155632110e-01
6.623311655827914365e+03,-2.167768740718759579e-01
6.643321660830414658e+03,-2.168265557033987601e-01
6.663331665832915860e+03,-2.168763889777874376e-01
6.683341670835417972e+03,-2.169263722256347116e-01
6.703351675837919174e+03,-2.169765333251740258e-01
6.723361680840420377e+03,-2.170269175649965354e-01
6.743371685842921579e+03,-2.170775792406355875e-01
6.763381690845421872e+03,-2.171285899671286657e-01
6.783391695847923984e+03,-2.171800460065576865e-01
6.803401700850425186e+03,-2.172320553603763471e-01
6.823411705852926389e+03,-2.172847048072480969e-01
6.843421710855427591e+03,-2.173380221615783814e-01
6.863431715857928793e+03,-2.173919587525258990e-01
6.883441720860430905e+03,-2.174464164232278451e-01
6.903451725862931198e+03,-2.175013056633038899e-01
6.923461730865432401e+03,-2.175565812344104066e-01
6.943471735867933603e+03,-2.176122310021608997e-01
6.963481740870434805e+03,-2.176682513279323272e-01
6.983491745872936917e+03,-2.177246516287544287e-01
7.003501750875438120e+03,-2.177814857269347593e-01
7.023511755877939322e+03,-2.178388639039893770e-01
7.043521760880439615e+03,-2.178969134751729542e-01
7.063531765882940817e+03,-2.179557150925242326e-01
7.083541770885442929e+03,-2.180152894564255928e-01
7.103551775887944132e+03,-2.180756531856187508e-01
7.123561780890445334e+03,-2.181368641796324892e-01
7.143571785892946536e+03,-2.181990118988242078e-01
7.163581790895448648e+03,-2.182621885499658743e-01
7.183591795897948032e+03,-2.183264970809117578e-01
7.203601800900450144e+03,-2.183920835018031414e-01
7.223611805902951346e+03,-2.184590910947145914e-01
7.243621810905452548e+03,-2.185275571074703771e-01
7.263631815907953751e+03,-2.185974586758356875e-01
7.283641820910455863e+03,-2.186689073197690125e-01
7.303651825912957065e+03,-2.187421890444634365e-01
7.323661830915457358e+03,-2.188175908792201751e-01
7.343671835917958560e+03,-2.188952921554017939e-01
7.363681840920459763e+03,-2.189754760893652397e-01
7.383691845922961875e+03,-2.190583735272108590e-01
7.403701850925463077e+03,-2.191441737315315552e-01
7.423711855927964280e+03,-2.192332497187329809e-01
7.443721860930465482e+03,-2.193263964075332639e-01
7.463731865932965775e+03,-2.194245288700621133e-01
7.483741870935467887e+03,-2.195282653644855531e-01
7.503751875937969089e+03,-2.196381465707111513e-01
7.523761880940470292e+03,-2.197553564321073349e-01
7.543771885942971494e+03,-2.198828667725033492e-01
7.563781890945472696e+03,-2.200252668540834400e-01
7.583791895947972989e+03,-2.201876069370740929e-01
7.603801900950475101e+03,-2.203810018204443721e-01
7.623811905952976304e+03,-2.206453328998909114e-01
7.643821910955477506e+03,-2.212997235161988929e-01
7.663831915957978708e+03,-2.218566624200075665e-01
7.683841920960480820e+03,-2.220150637918878733e-01
7.703851925962982023e+03,-2.220887456047301034e-01
7.723861930965482316e+03,-2.221288393721931320e-01
7.743871935967983518e+03,-2.221535270760122416e-01
7.763881940970484720e+03,-2.221706387237661617e-01
7.783891945972986832e+03,-2.221838241838441641e-01
7.803901950975488035e+03,-2.221948735196223323e-01
7.823911955977989237e+03,-2.222047028329898755e-01
7.843921960980490439e+03,-2.222137995363882568e-01
7.863931965982990732e+03,-2.222224323559746084e-01
7.883941970985492844e+03,-2.222307542681410397e-01
7.903951975987994047e+03,-2.222388548809580144e-01
7.923961980990495249e+03,-2.222467880715851274e-01
7.943971985992996451e+03,-2.222545870629287490e-01
7.963981990995497654e+03,-2.222622728906282208e-01
7.983991995997999766e+03,-2.222698592738109324e-01
8.004002001000500059e+03,-2.222773554715849476e-01
8.024012006003001261e+03,-2.222847679841888358e-01
8.044022011005502463e+03,-2.222921015789389443e-01
8.064032016008003666e+03,-2.222993599157601363e-01
8.084042021010505778e+03,-2.223065459324114201e-01
8.104052026013006980e+03,-2.223136620839405164e-01
8.124062031015508182e+03,-2.223207104927449052e-01
8.144072036018008475e+03,-2.223276930431488940e-01
8.164082041020509678e+03,-2.223346114410855445e-01
8.184092046023011790e+03,-2.223414672515427737e-01
8.204102051025512992e+03,-2.223482619217034828e-01
8.224112056028014194e+03,-2.223549967948763306e-01
8.244122061030515397e+03,-2.223616731186016382e-01
8.264132066033016599e+03,-2.223682920492547621e-01
8.284142071035517802e+03,-2.223748546547856253e-01
8.304152076038019004e+03,-2.223813619167607225e-01
8.324162081040520206e+03,-2.223878147325216437e-01
8.344172086043021409e+03,-2.223942139179951594e-01
8.364182091045522611e+03,-2.224005602114583757e-01
8.384192096048023814e+03,-2.224068542783712576e-01
8.404202101050525016e+03,-2.224130967172338325e-01
8.424212106053026218e+03,-2.224192880663142247e-01
8.444222111055527421e+03,-2.224254288110154576e-01
8.464232116058028623e+03,-2.224315193916138467e-01
8.484242121060529826e+03,-2.224375602110972849e-01
8.504252126063031028e+03,-2.224435516428502069e-01
8.524262131065534049e+03,-2.224494940379717345e-01
8.544272136068033433e+03,-2.224553877320557538e-01
8.564282141070534635e+03,-2.224612330513078273e-01
8.584292146073035838e+03,-2.224670303179116793e-01
8.604302151075537040e+03,-2.224727798545909907e-01
8.624312156078038242e+03,-2.224784819883322551e-01
8.644322161080541264e+03,-2.224841370532540108e-01
8.664332166083042466e+03,-2.224897453926191759e-01
8.684342171085541850e+03,-2.224953073600023923e-01
8.704352176088043052e+03,-2.225008233196399954e-01
8.724362181090544254e+03,-2.225062936460106278e-01
8.744372186093047276e+03,-2.225117187227194371e-01
8.764382191095548478e+03,-2.225170989407868616e-01
8.784392196098049681e+03,-2.225224346964679301e-01
8.804402201100550883e+03,-2.225277263887525669e-01
8.824412206103050266e+03,-2.225329744167160728e-01
8.844422211105553288e+03,-2.225381791768909490e-01
8.864432216108054490e+03,-2.225433410608330664e-01
8.884442221110555693e+03,-2.225484604530323929e-01
8.904452226113056895e+03,-2.225535377292933714e-01
8.924462231115558097e+03,-2.225585732556707719e-01
8.944472236118059300e+03,-2.225635673880018706e-01
8.964482241120560502e+03,-2.225685204720314614e-01
8.984492246123061705e+03,-2.225734328440810705e-01
9.004502251125562907e+03,-2.225783048321773872e-01
9.024512256128064109e+03,-2.225831367575277775e-01
9.044522261130565312e+03,-2.225879289362142077e-01
9.064532266133066514e+03,-2.225926816809751518e-01
9.084542271135567717e+03,-2.225973953029510011e-01
9.104552276138068919e+03,-2.226020701132863377e-01
9.124562281140570121e+03,-2.226067064245054461e-01
9.144572286143071324e+03,-2.226113045516031064e-01
9.164582291145572526e+03,-2.226158648128204742e-01
9.184592296148073729e+03,-2.226203875300978297e-01
9.204602301150574931e+03,-2.226248730292182676e-01
9.224612306153076133e+03,-2.226293216396697527e-01
9.244622311155577336e+03,-2.226337336942627587e-01
9.264632316158078538e+03,-2.226381095285472900e-01
9.284642321160579741e+03,-2.226424494800710308e-01
9.304652326163080943e+03,-2.226467538875224750e-01
9.324662331165583964e+03,-2.226510230897951748e-01
9.344672336168085167e+03,-2.226552574250090510e-01
9.364682341170584550e+03,-2.226594572295185481e-01
9.384692346173085753e+03,-2.226636228369348880e-01
9.404702351175586955e+03,-2.226677545771885980e-01
9.424712356178088157e+03,-2.226718527756559041e-01
9.444722361180591179e+03,-2.226759177523736088e-01
9.464732366183092381e+03,-2.226799498213641593e-01
9.484742371185593584e+03,-2.226839492900945516e-01
9.504752376188092967e+03,-2.226879164590869487e-01
9.524762381190594169e+03,-2.226918516216986887e-01
9.544772386193097191e+03,-2.226957550640815409e-01
9.564782391195598393e+03,-2.226996270653243404e-01
9.584792396198099595e+03,-2.227034678977753146e-01
9.604802401200600798e+03,-2.227072778275323295e-01
9.624812406203102000e+03,-2.227110571150787144e-01
9.644822411205603203e+03,-2.227148060160386300e-01
9.664832416208104405e+03,-2.227185247820168967e-01
9.684842421210605607e+03,-2.227222136614852299e-01
9.704852426213106810e+03,-2.227258729006767191e-01
9.724862431215608012e+03,-2.227295027444497477e-01
9.744872436218109215e+03,-2.227331034370860774e-01
9.764882441220610417e+03,-2.227366752229939240e-01
9.784892446223111619e+03,-2.227402183472930453e-01
9.804902451225612822e+03,-2.227437330562634099e-01
9.824912456228114024e+03,-2.227472195976512581e-01
9.844922461230615227e+03,-2.227506782208281133e-01
9.864932466233116429e+03,-2.227541091768090176e-01
9.884942471235617631e+03,-2.227575127181377068e-01
9.904952476238118834e+03,-2.227608890986542134e-01
9.924962481240620036e+03,-2.227642385731609387e-01
9.944972486243121239e+03,-2.227675613970062363e-01
9.964982491245622441e+03,-2.227708578256057947e-01
9.984992496248123643e+03,-2.227741281139218599e-01
1.000500250125062485e+04,-2.227773725159208906e-01
1.002501250625312787e+04,-2.227805912840270242e-01
1.004502251125562725e+04,-2.227837846685907508e-01
1.006503251625812845e+04,-2.227869529173882313e-01
1.008504252126062966e+04,-2.227900962751652170e-01
1.010505252626313086e+04,-2.227932149832384245e-01
1.012506253126563206e+04,-2.227963092791651334e-01
1.014507253626813508e+04,-2.227993793964893054e-01
1.016508254127063628e+04,-2.228024255645695006e-01
1.018509254627313567e+04,-2.228054480084947497e-01
1.020510255127563687e+04,-2.228084469490876351e-01
1.022511255627813807e+04,-2.228114226029952460e-01
1.024512256128064109e+04,-2.228143751828643437e-01
1.026513256628314230e+04,-2.228173048975944370e-01
1.028514257128564350e+04,-2.228202119526614400e-01
1.030515257628814470e+04,-2.228230965505000327e-01
1.032516258129064408e+04,-2.228259588909342337e-01
1.034517258629314711e+04,-2.228287991716392802e-01
1.036518259129564831e+04,-2.228316175886226047e-01
1.038519259629814951e+04,-2.228344143367055885e-01
1.040520260130065071e+04,-2.228371896099922145e-01
1.042521260630315192e+04,-2.228399436023078550e-01
1.044522261130565312e+04,-2.228426765075960658e-01
1.046523261630815432e+04,-2.228453885202600626e-01
1.048524262131065552e+04,-2.228480798354402492e-01
1.050525262631315672e+04,-2.228507506492196644e-01
1.052526263131565611e+04,-2.228534011587537944e-01
1.054527263631815731e+04,-2.228560315623230870e-01
1.056528264132066033e+04,-2.228586420593087480e-01
1.058529264632316153e+04,-2.228612328500956530e-01
1.060530265132566274e+04,-2.228638041359076727e-01
1.062531265632816394e+04,-2.228663561185831032e-01
1.064532266133066514e+04,-2.228688890002977208e-01
1.066533266633316634e+04,-2.228714029832454813e-01
1.068534267133566755e+04,-2.228738982692857473e-01
1.070535267633816875e+04,-2.228763750595670057e-01
1.072536268134067177e+04,-2.228788335541360410e-01
1.074537268634317297e+04,-2.228812739515414754e-01
1.076538269134567417e+04,-2.228836964484393335e-01
1.078539269634817538e+04,-2.228861012392084895e-01
1.080540270135067476e+04,-2.228884885155816009e-01
1.082541270635317596e+04,-2.228908584662976089e-01
1.084542271135567717e+04,-2.228932112767804952e-01
1.086543271635817837e+04,-2.228955471288480150e-01
1.088544272136067957e+04,-2.228978662004547362e-01
1.090545272636318077e+04,-2.229001686654703829e-01
1.092546273136568198e+04,-2.229024546934982864e-01
1.094547273636818500e+04,-2.229047244497331937e-01
1.096548274137068620e+04,-2.229069780948623736e-01
1.098549274637318740e+04,-2.229092157850089406e-01
1.100550275137568860e+04,-2.229114376717192536e-01
1.102551275637818981e+04,-2.229136439019947513e-01
1.104552276138069101e+04,-2.229158346183672257e-01
1.106553276638319039e+04,-2.229180099590177544e-01
1.108554277138569159e+04,-2.229201700579374612e-01
1.110555277638819280e+04,-2.229223150451290492e-01
1.112556278139069400e+04,-2.229244450468463590e-01
1.114557278639319520e+04,-2.229265601858690382e-01
1.116558279139569822e+04,-2.229286605818092404e-01
1.118559279639819943e+04,-2.229307463514452192e-01
1.120560280140070063e+04,-2.229328176090786540e-01
1.122561280640320183e+04,-2.229348744669081839e-01
1.124562281140570303e+04,-2.229369170354155438e-01
1.126563281640820423e+04,-2.229389454237568902e-01
1.128564282141070544e+04,-2.229409597401535714e-01
1.130565282641320664e+04,-2.229429600922757382e-01
1.132566283141570966e+04,-2.229449465876126857e-01
1.134567283641820723e+04,-2.229469193338245447e-01
1.136568284142071025e+04,-2.229488784390679101e-01
1.138569284642321145e+04,-2.229508240122931029e-01
1.140570285142571265e+04,-2.229527561635062660e-01
1.142571285642821385e+04,-2.229546750039944902e-01
1.144572286143071506e+04,-2.229565806465101663e-01
1.146573286643321626e+04,-2.229584732054130658e-01
1.148574287143571746e+04,-2.229603527967701782e-01
1.150575287643821866e+04,-2.229622195384113048e-01
1.152576288144071987e+04,-2.229640735499432147e-01
1.154577288644322289e+04,-2.229659149527224993e-01
1.156578289144572409e+04,-2.229677438697905134e-01
1.158579289644822529e+04,-2.229695604257718455e-01
1.160580290145072649e+04,-2.229713647467414239e-01
1.162581290645322588e+04,-2.229731569600618135e-01
1.164582291145572708e+04,-2.229749371941962544e-01
1.166583291645822828e+04,-2.229767055785009666e-01
1.168584292146072949e+04,-2.229784622430005248e-01
1.170585292646323069e+04,-2.229802073181500754e-01
1.172586293146573189e+04,-2.229819409345899783e-01
1.174587293646823491e+04,-2.229836632228937576e-01
1.176588294147073611e+04,-2.229853743133161648e-01
1.178589294647323732e+04,-2.229870743355419072e-01
1.180590295147573852e+04,-2.229887634184391509e-01
1.182591295647823972e+04,-2.229904416898209896e-01
1.184592296148074092e+04,-2.229921092762155166e-01
1.186593296648324213e+04,-2.229937663026490546e-01
1.188594297148574151e+04,-2.229954128924414303e-01
1.190595297648824271e+04,-2.229970491670170418e-01
1.192596298149074391e+04,-2.229986752457321086e-01
1.194597298649324512e+04,-2.230002912457186570e-01
1.196598299149574814e+04,-2.230018972817466305e-01
1.198599299649824934e+04,-2.230034934661042356e-01
1.200600300150075054e+04,-2.230050799084972446e-01
1.202601300650325175e+04,-2.230066567159670610e-01
1.204602301150575295e+04,-2.230082239928278809e-01
1.206603301650825415e+04,-2.230097818406225063e-01
1.208604302151075535e+04,-2.230113303580969764e-01
1.210605302651325655e+04,-2.230128696411933231e-01
1.212606303151575958e+04,-2.230143997830599245e-01
1.214607303651826078e+04,-2.230159208740796206e-01
1.216608304152075834e+04,-2.230174330019134565e-01
1.218609304652326136e+04,-2.230189362515608564e-01
1.220610305152576257e+04,-2.230204307054340918e-01
1.222611305652826377e+04,-2.230219164434470158e-01
1.224612306153076497e+04,-2.230233935431160663e-01
1.226613306653326617e+04,-2.230248620796732584e-01
1.228614307153576738e+04,-2.230263221261892803e-01
1.230615307653826858e+04,-2.230277737537054716e-01
1.232616308154076978e+04,-2.230292170313738498e-01
1.234617308654327280e+04,-2.230306520266029657e-01
1.236618309154577400e+04,-2.230320788052084502e-01
1.238619309654827521e+04,-2.230334974315671404e-01
1.240620310155077641e+04,-2.230349079687724001e-01
1.242621310655327761e+04,-2.230363104787903561e-01
1.244622311155577700e+04,-2.230377050226141911e-01
1.246623311655827820e+04,-2.230390916604160223e-01
1.248624312156077940e+04,-2.230404704516950332e-01
1.250625312656328060e+04,-2.230418414554201645e-01
1.252626313156578180e+04,-2.230432047301659504e-01
1.254627313656828483e+04,-2.230445603342416372e-01
1.256628314157078603e+04,-2.230459083258108932e-01
1.258629314657328723e+04,-2.230472487630031919e-01
1.260630315157578843e+04,-2.230485817040147589e-01
1.262631315657828964e+04,-2.230499072071988886e-01
1.264632316158079084e+04,-2.230512253311457693e-01
1.266633316658329204e+04,-2.230525361347510671e-01
1.268634317158579324e+04,-2.230538396772731302e-01
1.270635317658829263e+04,-2.230551360183794796e-01
1.272636318159079383e+04,-2.230564252181811702e-01
1.274637318659329503e+04,-2.230577073372577712e-01
1.276638319159579805e+04,-2.230589824366701612e-01
1.278639319659829926e+04,-2.230602505779646916e-01
1.280640320160080046e+04,-2.230615118231666638e-01
1.282641320660330166e+04,-2.230627662347653417e-01
1.284642321160580286e+04,-2.230640138756902202e-01
1.286643321660830406e+04,-2.230652548092795784e-01
1.288644322161080527e+04,-2.230664890992415939e-01
1.290645322661330647e+04,-2.230677168096096008e-01
1.292646323161580949e+04,-2.230689380046906867e-01
1.294647323661831069e+04,-2.230701527490098757e-01
1.296648324162081190e+04,-2.230713611072495939e-01
1.298649324662331128e+04,-2.230725631441854706e-01
1.300650325162581248e+04,-2.230737589246188646e-01
1.302651325662831368e+04,-2.230749485133075860e-01
1.304652326163081489e+04,-2.230761319748934546e-01
1.306653326663331609e+04,-2.230773093738305790e-01
1.308654327163581729e+04,-2.230784807743110831e-01
1.310655327663831849e+04,-2.230796462401919977e-01
1.312656328164081970e+04,-2.230808058349219303e-01
1.314657328664332272e+04,-2.230819596214687339e-01
1.316658329164582392e+04,-2.230831076622490083e-01
1.318659329664832512e+04,-2.230842500190585720e-01
1.320660330165082632e+04,-2.230853867530058765e-01
1.322661330665332753e+04,-2.230865179244476137e-01
1.324662331165582873e+04,-2.230876435929274593e-01
1.326663331665832811e+04,-2.230887638171178966e-01
1.328664332166082932e+04,-2.230898786547660106e-01
1.330665332666333052e+04,-2.230909881626426672e-01
1.332666333166583172e+04,-2.230920923964963554e-01
1.334667333666833292e+04,-2.230931914110108327e-01
1.336668334167083594e+04,-2.230942852597680159e-01
1.338669334667333715e+04,-2.230953739952149517e-01
1.340670335167583835e+04,-2.230964576686361722e-01
1.342671335667833955e+04,-2.230975363301308245e-01
1.344672336168084075e+04,-2.230986100285951568e-01
1.346673336668334196e+04,-2.230996788117100560e-01
1.348674337168584316e+04,-2.231007427259335540e-01
1.350675337668834436e+04,-2.231018018164995786e-01
1.352676338169084374e+04,-2.231028561274201738e-01
1.354677338669334495e+04,-2.231039057014950200e-01
1.356678339169584797e+04,-2.231049505803240074e-01
1.358679339669834917e+04,-2.231059908043263040e-01
1.360680340170085037e+04,-2.231070264127631986e-01
1.362681340670335157e+04,-2.231080574437660224e-01
1.364682341170585278e+04,-2.231090839343685683e-01
1.366683341670835398e+04,-2.231101059205429782e-01
1.368684342171085518e+04,-2.231111234372404883e-01
1.370685342671335638e+04,-2.231121365184346728e-01
1.372686343171585759e+04,-2.231131451971688495e-01
1.374687343671836061e+04,-2.231141495056055135e-01
1.376688344172086181e+04,-2.231151494750791831e-01
1.378689344672336301e+04,-2.231161451361502179e-01
1.380690345172586240e+04,-2.231171365186618016e-01
1.382691345672836360e+04,-2.231181236517967015e-01
1.384692346173086480e+04,-2.231191065641362492e-01
1.386693346673336600e+04,-2.231200852837188775e-01
1.388694347173586721e+04,-2.231210598380994337e-01
1.390695347673836841e+04,-2.231220302544075773e-01
1.392696348174086961e+04,-2.231229965594060671e-01
1.394697348674337263e+04,-2.231239587795474932e-01
1.396698349174587383e+04,-2.231249169410301492e-01
1.398699349674837504e+04,-2.231258710698512948e-01
1.400700350175087624e+04,-2.231268211918593369e-01
1.402701350675337744e+04,-2.231277673328029842e-01
1.404702351175587864e+04,-2.231287095183780711e-01
1.406703351675837985e+04,-2.231296477742717443e-01
1.408704352176087923e+04,-2.231305821262031808e-01
1.410705352676338043e+04,-2.231315125999616678e-01
1.412706353176588163e+04,-2.231324392214409646e-01
1.414707353676838284e+04,-2.231333620166705278e-01
1.416708354177088586e+04,-2.231342810118433495e-01
1.418709354677338706e+04,-2.231351962333401051e-01
1.420710355177588826e+04,-2.231361077077497201e-01
1.422711355677838947e+04,-2.231370154618871338e-01
1.424712356178089067e+04,-2.231379195228067602e-01
1.426713356678339187e+04,-2.231388199178130916e-01
1.428714357178589307e+04,-2.231397166744680249e-01
1.430715357678839428e+04,-2.231406098205948318e-01
1.432716358179089730e+04,-2.231414993842793515e-01
1.434717358679339486e+04,-2.231423853938679647e-01
1.436718359179589606e+04,-2.231432678779630419e-01
1.438719359679839908e+04,-2.231441468654157823e-01
1.440720360180090029e+04,-2.231450223853163606e-01
1.442721360680340149e+04,-2.231458944669822420e-01
1.444722361180590269e+04,-2.231467631399438600e-01
1.446723361680840389e+04,-2.231476284339289073e-01
1.448724362181090510e+04,-2.231484903788442387e-01
1.450725362681340630e+04,-2.231493490047568584e-01
1.452726363181590750e+04,-2.231502043418729930e-01
1.454727363681841052e+04,-2.231510564205159419e-01
1.456728364182091173e+04,-2.231519052711031237e-01
1.458729364682341293e+04,-2.231527509241217622e-01
1.460730365182591413e+04,-2.231535934101041285e-01
1.462731365682841351e+04,-2.231544327596017008e-01
1.464732366183091472e+04,-2.231552690031592678e-01
1.466733366683341592e+04,-2.231561021712882009e-01
1.468734367183591712e+04,-2.231569322944395584e-01
1.470735367683841832e+04,-2.231577594029772738e-01
1.472736368184091953e+04,-2.231585835271506779e-01
1.474737368684342073e+04,-2.231594046970680201e-01
1.476738369184592375e+04,-2.231602229426686845e-01
1.478739369684842495e+04,-2.231610382936974057e-01
1.480740370185092615e+04,-2.231618507796769846e-01
1.482741370685342736e+04,-2.231626604298829475e-01
1.484742371185592856e+04,-2.231634672733175673e-01
1.486743371685842976e+04,-2.231642713386849664e-01
1.488744372186093096e+04,-2.231650726543667473e-01
1.490745372686343035e+04,-2.231658712483980678e-01
1.492746373186593155e+04,-2.231666671484450470e-01
1.494747373686843275e+04,-2.231674603817818958e-01
1.496748374187093577e+04,-2.231682509752702659e-01
1.498749374687343698e+04,-2.231690389553382947e-01
1.500750375187593818e+04,-2.231698243479614541e-01
1.502751375687843938e+04,-2.231706071786439816e-01
1.504752376188094058e+04,-2.231713874724013391e-01
1.506753376688344179e+04,-2.231721652537443368e-01
1.508754377188594299e+04,-2.231729405466636174e-01
1.510755377688844419e+04,-2.231737133746160007e-01
1.512756378189094539e+04,-2.231744837605118825e-01
1.514757378689344841e+04,-2.231752517267037161e-01
1.516758379189594598e+04,-2.231760172949760201e-01
1.518759379689844900e+04,-2.231767804865368021e-01
1.520760380190095020e+04,-2.231775413220103421e-01
1.522761380690345140e+04,-2.231782998214310865e-01
1.524762381190595261e+04,-2.231790560042396510e-01
1.526763381690845381e+04,-2.231798098892795179e-01
1.528764382191095501e+04,-2.231805614947958150e-01
1.530765382691345621e+04,-2.231813108384352318e-01
1.532766383191595742e+04,-2.231820579372478797e-01
1.534767383691846044e+04,-2.231828028076899839e-01
1.536768384192096164e+04,-2.231835454656287410e-01
1.538769384692346284e+04,-2.231842859263482304e-01
1.540770385192596405e+04,-2.231850242045570754e-01
1.542771385692846525e+04,-2.231857603143975188e-01
1.544772386193096463e+04,-2.231864942694556375e-01
1.546773386693346583e+04,-2.231872260827733878e-01
1.548774387193596704e+04,-2.231879557668616509e-01
1.550775387693846824e+04,-2.231886833337150544e-01
1.552776388194096944e+04,-2.231894087948272931e-01
1.554777388694347064e+04,-2.231901321612083933e-01
1.556778389194597366e+04,-2.231908534434026425e-01
1.558779389694847487e+04,-2.231915726515077969e-01
1.560780390195097607e+04,-2.231922897951951201e-01
1.562781390695347727e+04,-2.231930048837305891e-01
1.564782391195597847e+04,-2.231937179259963211e-01
1.566783391695847968e+04,-2.231944289305133611e-01
1.568784392196098088e+04,-2.231951379054648577e-01
1.570785392696348208e+04,-2.231958448587194610e-01
1.572786393196598146e+04,-2.231965497978556368e-01
1.574787393696848267e+04,-2.231972527301859799e-01
1.576788394197098569e+04,-2.231979536627816396e-01
1.578789394697348689e+04,-2.231986526024973549e-01
1.580790395197598809e+04,-2.231993495559958240e-01
1.582791395697848930e+04,-2.232000445297726288e-01
1.584792396198099050e+04,-2.232007375301804653e-01
1.586793396698349170e+04,-2.232014285634532913e-01
1.588794397198599290e+04,-2.232021176357299741e-01
1.590795397698849411e+04,-2.232028047530779935e-01
1.592796398199099531e+04,-2.232034899215156187e-01
1.594797398699349833e+04,-2.232041731470343071e-01
1.596798399199599953e+04,-2.232048544356199371e-01
1.598799399699849891e+04,-2.232055337932734307e-01
1.600800400200100012e+04,-2.232062112260304321e-01
1.602801400700350132e+04,-2.232068867399801537e-01
1.604802401200600252e+04,-2.232075603412833620e-01
1.606803401700850372e+04,-2.232082320361888361e-01
1.608804402201100493e+04,-2.232089018310497164e-01
1.610805402701350613e+04,-2.232095697323378813e-01
1.612806403201600733e+04,-2.232102357466577425e-01
1.614807403701851035e+04,-2.232108998807588729e-01
1.616808404202101156e+04,-2.232115621415472484e-01
1.618809404702351276e+04,-2.232122225360955448e-01
1.620810405202601396e+04,-2.232128810716525469e-01
1.622811405702851516e+04,-2.232135377556509759e-01
1.624812406203101636e+04,-2.232141925957143447e-01
1.626813406703351575e+04,-2.232148455996628977e-01
1.628814407203601695e+04,-2.232154967755184682e-01
1.630815407703851815e+04,-2.232161461315076978e-01
1.632816408204101936e+04,-2.232167936760652560e-01
1.634817408704352056e+04,-2.232174394178349786e-01
1.636818409204602358e+04,-2.232180833656707830e-01
1.638819409704852296e+04,-2.232187255286362804e-01
1.640820410205102598e+04,-2.232193659160036647e-01
1.642821410705352537e+04,-2.232200045372516872e-01
1.644822411205602839e+04,-2.232206414020623808e-01
1.646823411705853141e+04,-2.232212765203180349e-01
1.648824412206103079e+04,-2.232219099020964770e-01
1.650825412706353382e+04,-2.232225415576656324e-01
1.652826413206603320e+04,-2.232231714974783343e-01
1.654827413706853258e+04,-2.232237997321655232e-01
1.656828414207103560e+04,-2.232244262725293915e-01
1.658829414707353499e+04,-2.232250511295359452e-01
1.660830415207603801e+04,-2.232256743143068434e-01
1.662831415707853739e+04,-2.232262958381107665e-01
1.664832416208104041e+04,-2.232269157123550896e-01
1.666833416708354343e+04,-2.232275339485759458e-01
1.668834417208604282e+04,-2.232281505584289283e-01
1.670835417708854584e+04,-2.232287655536791260e-01
1.672836418209104522e+04,-2.232293789461906319e-01
1.674837418709354824e+04,-2.232299907479164680e-01
1.676838419209604763e+04,-2.232306009708875105e-01
1.678839419709855065e+04,-2.232312096272017765e-01
1.680840420210105003e+04,-2.232318167290132938e-01
1.682841420710354942e+04,-2.232324222885211373e-01
1.684842421210605244e+04,-2.232330263179576890e-01
1.686843421710855182e+04,-2.232336288295778959e-01
1.688844422211105484e+04,-2.232342298356472521e-01
1.690845422711355786e+04,-2.232348293484307800e-01
1.692846423211605725e+04,-2.232354273801814559e-01
1.694847423711856027e+04,-2.232360239431286919e-01
1.696848424212105965e+04,-2.232366190494672054e-01
1.698849424712356267e+04,-2.232372127113453619e-01
1.700850425212606206e+04,-2.232378049408543230e-01
1.702851425712856508e+04,-2.232383957500164440e-01
1.704852426213106810e+04,-2.232389851507748380e-01
1.706853426713356748e+04,-2.232395731549821905e-01
1.708854427213606687e+04,-2.232401597743899346e-01
1.710855427713856989e+04,-2.232407450206380373e-01
1.712856428214106927e+04,-2.232413289052446459e-01
1.714857428714357229e+04,-2.232419114395957915e-01
1.716858429214607168e+04,-2.232424926349357575e-01
1.718859429714857470e+04,-2.232430725023574203e-01
1.720860430215107408e+04,-2.232436510527929518e-01
1.722861430715357710e+04,-2.232442282970048264e-01
1.724862431215607648e+04,-2.232448042455771331e-01
1.726863431715857951e+04,-2.232453789089071106e-01
1.728864432216108253e+04,-2.232459522971972643e-01
1.730865432716358191e+04,-2.232465244204477062e-01
1.732866433216608493e+04,-2.232470952884488824e-01
1.734867433716858432e+04,-2.232476649107746070e-01
1.736868434217108370e+04,-2.232482332967759275e-01
1.738869434717358672e+04,-2.232488004555747418e-01
1.740870435217608610e+04,-2.232493663960585240e-01
1.742871435717858913e+04,-2.232499311268752451e-01
1.744872436218108851e+04,-2.232504946564286830e-01
1.746873436718359153e+04,-2.232510569928742861e-01
1.748874437218609455e+04,-2.232516181441156766e-01
1.750875437718859393e+04,-2.232521781178017639e-01
1.752876438219109696e+04,-2.232527369213236079e-01
1.754877438719359634e+04,-2.232532945618131148e-01
1.756878439219609936e+04,-2.232538510461413439e-01
1.758879439719859874e+04,-2.232544063809173140e-01
1.760880440220110177e+04,-2.232549605724881980e-01
1.762881440720360115e+04,-2.232555136269390450e-01
1.764882441220610053e+04,-2.232560655500940849e-01
1.766883441720860355e+04,-2.232566163475175891e-01
1.768884442221110658e+04,-2.232571660245163958e-01
1.770885442721360596e+04,-2.232577145861417145e-01
1.772886443221610898e+04,-2.232582620371929005e-01
1.774887443721860836e+04,-2.232588083822205638e-01
1.776888444222111139e+04,-2.232593536255307320e-01
1.778889444722361077e+04,-2.232598977711900690e-01
1.780890445222611379e+04,-2.232604408230303428e-01
1.782891445722861317e+04,-2.232609827846546435e-01
1.784892446223111619e+04,-2.232615236594433505e-01
1.786893446723361922e+04,-2.232620634505609325e-01
1.788894447223611860e+04,-2.232626021609628031e-01
1.790895447723861798e+04,-2.232631397934031203e-01
1.792896448224112100e+04,-2.232636763504423916e-01
1.794897448724362039e+04,-2.232642118344561888e-01
1.796898449224612341e+04,-2.232647462476432254e-01
1.798899449724862279e+04,-2.232652795920349043e-01
1.800900450225112581e+04,-2.232658118695040328e-01
1.802901450725362520e+04,-2.232663430817744543e-01
1.804902451225612822e+04,-2.232668732304310677e-01
1.806903451725863124e+04,-2.232674023169290978e-01
1.808904452226113062e+04,-2.232679303426048090e-01
1.810905452726363364e+04,-2.232684573086850810e-01
1.812906453226613303e+04,-2.232689832162982058e-01
1.814907453726863605e+04,-2.232695080664835463e-01
1.816908454227113543e+04,-2.232700318602026113e-01
1.818909454727363482e+04,-2.232705545983486028e-01
1.820910455227613784e+04,-2.232710762817572137e-01
1.822911455727863722e+04,-2.232715969112166465e-01
1.824912456228114024e+04,-2.232721164874775788e-01
1.826913456728364326e+04,-2.232726350112631264e-01
1.828914457228614265e+04,-2.232731524832787806e-01
1.830915457728864567e+04,-2.232736689042215950e-01
1.832916458229114505e+04,-2.232741842747898720e-01
1.834917458729364807e+04,-2.232746985956920449e-01
1.836918459229614746e+04,-2.232752118676554764e-01
1.838919459729865048e+04,-2.232757240914350350e-01
1.840920460230114986e+04,-2.232762352678211715e-01
1.842921460730365288e+04,-2.232767453976479965e-01
1.844922461230615227e+04,-2.232772544818003024e-01
1.846923461730865165e+04,-2.232777625212213901e-01
1.848924462231115467e+04,-2.232782695169190923e-01
1.850925462731365769e+04,-2.232787754699726568e-01
1.852926463231615708e+04,-2.232792803815384919e-01
1.854927463731866010e+04,-2.232797842528557453e-01
1.856928464232115948e+04,-2.232802870852513000e-01
1.858929464732366250e+04,-2.232807888801448815e-01
1.860930465232616189e+04,-2.232812896390531099e-01
1.862931465732866491e+04,-2.232817893635930806e-01
1.864932466233116793e+04,-2.232822880554866385e-01
1.866933466733366731e+04,-2.232827857165624597e-01
1.868934467233617033e+04,-2.232832823487595209e-01
1.870935467733866972e+04,-2.232837779541288481e-01
1.872936468234116910e+04,-2.232842725348355151e-01
1.874937468734367212e+04,-2.232847660931600309e-01
1.876938469234617151e+04,-2.232852586314994503e-01
1.878939469734867453e+04,-2.232857501523680122e-01
1.880940470235117391e+04,-2.232862406583973891e-01
1.882941470735367693e+04,-2.232867301523368542e-01
1.884942471235617631e+04,-2.232872186370525869e-01
1.886943471735867934e+04,-2.232877061155271736e-01
1.888944472236118236e+04,-2.232881925908583864e-01
1.890945472736368174e+04,-2.232886780662580728e-01
1.892946473236618476e+04,-2.232891625450502959e-01
1.894947473736868415e+04,-2.232896460306695308e-01
1.896948474237118717e+04,-2.232901285266581937e-01
1.898949474737368655e+04,-2.232906100366645330e-01
1.900950475237618593e+04,-2.232910905644397703e-01
1.902951475737868896e+04,-2.232915701138350473e-01
1.904952476238118834e+04,-2.232920486887985112e-01
1.906953476738369136e+04,-2.232925262933717903e-01
1.908954477238619438e+04,-2.232930029316862464e-01
1.910955477738869376e+04,-2.232934786079597833e-01
1.912956478239119679e+04,-2.232939533264923782e-01
1.914957478739369617e+04,-2.232944270916623342e-01
1.916958479239619919e+04,-2.232948999079218400e-01
1.918959479739869857e+04,-2.232953717797930837e-01
1.920960480240120160e+04,-2.232958427118631461e-01
1.922961480740370098e+04,-2.232963127087799482e-01
1.924962481240620400e+04,-2.232967817752471995e-01
1.926963481740870338e+04,-2.232972499160199853e-01
1.928964482241120641e+04,-2.232977171358994928e-01
1.930965482741370579e+04,-2.232981834397284593e-01
1.932966483241620881e+04,-2.232986488323860930e-01
1.934967483741870819e+04,-2.232991133187827437e-01
1.936968484242121121e+04,-2.232995769038550737e-01
1.938969484742371060e+04,-2.233000395925610060e-01
1.940970485242621362e+04,-2.233005013898742286e-01
1.942971485742871300e+04,-2.233009623007792821e-01
1.944972486243121602e+04,-2.233014223302664525e-01
1.946973486743371905e+04,-2.233018814833260812e-01
1.948974487243621843e+04,-2.233023397649439301e-01
1.950975487743872145e+04,-2.233027971800956857e-01
1.952976488244122083e+04,-2.233032537337417134e-01
1.954977488744372022e+04,-2.233037094308222559e-01
1.956978489244622324e+04,-2.233041642762518264e-01
1.958979489744872262e+04,-2.233046182749145736e-01
1.960980490245122564e+04,-2.233050714316589525e-01
1.962981490745372503e+04,-2.233055237512929225e-01
1.964982491245622805e+04,-2.233059752385787855e-01
1.966983491745873107e+04,-2.233064258982285499e-01
1.968984492246123045e+04,-2.233068757348990463e-01
1.970985492746373347e+04,-2.233073247531873196e-01
1.972986493246623286e+04,-2.233077729576257164e-01
1.974987493746873588e+04,-2.233082203526777776e-01
1.976988494247123526e+04,-2.233086669427334636e-01
1.978989494747373828e+04,-2.233091127321049363e-01
1.980990495247623767e+04,-2.233095577250225616e-01
1.982991495747873705e+04,-2.233100019256305246e-01
1.984992496248124007e+04,-2.233104453379830268e-01
1.986993496748373946e+04,-2.233108879660406776e-01
1.988994497248624248e+04,-2.233113298136664149e-01
1.990995497748874550e+04,-2.233117708846222849e-01
1.992996498249124488e+04,-2.233122111825661671e-01
1.994997498749374790e+04,-2.233126507110483883e-01
1.996998499249624729e+04,-2.233130894735088079e-01
1.998999499749875031e+04,-2.233135274732740150e-01
2.001000500250124969e+04,-2.233139647135547468e-01
2.003001500750375271e+04,-2.233144011974433074e-01
2.005002501250625573e+04,-2.233148369279114864e-01
2.007003501750875512e+04,-2.233152719078085324e-01
2.009004502251125450e+04,-2.233157061398592380e-01
2.011005502751375752e+04,-2.233161396266624132e-01
2.013006503251625691e+04,-2.233165723706895811e-01
2.015007503751875993e+04,-2.233170043742838951e-01
2.017008504252125931e+04,-2.233174356396589177e-01
2.019009504752376233e+04,-2.233178661688985933e-01
2.021010505252626172e+04,-2.233182959639561094e-01
2.023011505752876474e+04,-2.233187250266543689e-01
2.025012506253126412e+04,-2.233191533586857958e-01
2.027013506753376714e+04,-2.233195809616126126e-01
2.029014507253627016e+04,-2.233200078368677288e-01
2.031015507753876955e+04,-2.233204339857552123e-01
2.033016508254127257e+04,-2.233208594094518162e-01
2.035017508754377195e+04,-2.233212841090080336e-01
2.037018509254627133e+04,-2.233217080853500125e-01
2.039019509754877436e+04,-2.233221313392810825e-01
2.041020510255127374e+04,-2.233225538714841696e-01
2.043021510755377676e+04,-2.233229756825240719e-01
2.045022511255627614e+04,-2.233233967728500691e-01
2.047023511755877917e+04,-2.233238171427988084e-01
2.049024512256128219e+04,-2.233242367925973582e-01
2.051025512756378157e+04,-2.233246557223664275e-01
2.053026513256628459e+04,-2.233250739321240852e-01
2.055027513756878398e+04,-2.233254914217894238e-01
2.057028514257128700e+04,-2.233259081911864452e-01
2.059029514757378638e+04,-2.233263242400482240e-01
2.061030515257628940e+04,-2.233267395680212652e-01
2.063031515757878879e+04,-2.233271541746698063e-01
2.065032516258128817e+04,-2.233275680594806467e-01
2.067033516758379119e+04,-2.233279812218680604e-01
2.069034517258629421e+04,-2.233283936611782927e-01
2.071035517758879359e+04,-2.233288053766949721e-01
2.073036518259129662e+04,-2.233292163676440789e-01
2.075037518759379600e+04,-2.233296266331994406e-01
2.077038519259629902e+04,-2.233300361724877836e-01
2.079039519759879840e+04,-2.233304449845941730e-01
2.081040520260130143e+04,-2.233308530685676474e-01
2.083041520760380081e+04,-2.233312604234265475e-01
2.085042521260630383e+04,-2.233316670481643174e-01
2.087043521760880685e+04,-2.233320729417545003e-01
2.089044522261130624e+04,-2.233324781031567341e-01
2.091045522761380562e+04,-2.233328825313221355e-01
2.093046523261630864e+04,-2.233332862251987405e-01
2.095047523761880802e+04,-2.233336891837368887e-01
2.097048524262131104e+04,-2.233340914058946636e-01
2.099049524762381407e+04,-2.233344928906431937e-01
2.101050525262631345e+04,-2.233348936369719540e-01
2.103051525762881647e+04,-2.233352936438935954e-01
2.105052526263131222e+04,-2.233356929104492461e-01
2.107053526763381524e+04,-2.233360914357133409e-01
2.109054527263631462e+04,-2.233364892187982287e-01
2.111055527763881764e+04,-2.233368862588588910e-01
2.113056528264132066e+04,-2.233372825550975493e-01
2.115057528764382005e+04,-2.233376781067676342e-01
2.117058529264632307e+04,-2.233380729131782538e-01
2.119059529764882245e+04,-2.233384669736980521e-01
2.121060530265132547e+04,-2.233388602877589280e-01
2.123061530765382486e+04,-2.233392528548596712e-01
2.125062531265632788e+04,-2.233396446745693487e-01
2.127063531765882726e+04,-2.233400357465308017e-01
2.129064532266133028e+04,-2.233404260704631161e-01
2.131065532766383330e+04,-2.233408156461648975e-01
2.133066533266633269e+04,-2.233412044735167412e-01
2.135067533766883571e+04,-2.233415925524835088e-01
2.137068534267133509e+04,-2.233419798831167424e-01
2.139069534767383811e+04,-2.233423664655564689e-01
2.141070535267633750e+04,-2.233427523000330039e-01
2.143071535767884052e+04,-2.233431373868686454e-01
2.145072536268134354e+04,-2.233435217264789496e-01
2.147073536768384292e+04,-2.233439053193738699e-01
2.149074537268634595e+04,-2.233442881661587276e-01
2.151075537768884533e+04,-2.233446702675351281e-01
2.153076538269134835e+04,-2.233450516243012385e-01
2.155077538769384773e+04,-2.233454322373523149e-01
2.157078539269635075e+04,-2.233458121076810909e-01
2.159079539769884650e+04,-2.233461912363773894e-01
2.161080540270134952e+04,-2.233465696246282606e-01
2.163081540770384890e+04,-2.233469472737174000e-01
2.165082541270635193e+04,-2.233473241850248148e-01
2.167083541770885131e+04,-2.233477003600261579e-01
2.169084542271135433e+04,-2.233480758002917010e-01
2.171085542771385735e+04,-2.233484505074853077e-01
2.173086543271635674e+04,-2.233488244833637393e-01
2.175087543771885976e+04,-2.233491977297748232e-01
2.177088544272135914e+04,-2.233495702486562595e-01
2.179089544772386216e+04,-2.233499420420342607e-01
2.181090545272636155e+04,-2.233503131120214702e-01
2.183091545772886457e+04,-2.233506834608155189e-01
2.185092546273136395e+04,-2.233510530906969438e-01
2.187093546773386697e+04,-2.233514220040272447e-01
2.189094547273636999e+04,-2.233517902032466640e-01
2.191095547773886938e+04,-2.233521576908721606e-01
2.193096548274137240e+04,-2.233525244694949952e-01
2.195097548774387178e+04,-2.233528905417782040e-01
2.197098549274637480e+04,-2.233532559104542958e-01
2.199099549774887419e+04,-2.233536205783228090e-01
2.201100550275137721e+04,-2.233539845482474528e-01
2.203101550775387659e+04,-2.233543478231536095e-01
2.205102551275637961e+04,-2.233547104060254196e-01
2.207103551775888263e+04,-2.233550722999031735e-01
2.209104552276138202e+04,-2.233554335078802855e-01
2.211105552776388504e+04,-2.233557940331006575e-01
2.213106553276638078e+04,-2.233561538787554035e-01
2.215107553776888381e+04,-2.233565130480802130e-01
2.217108554277138319e+04,-2.233568715443519093e-01
2.219109554777388621e+04,-2.233572293708859513e-01
2.221110555277638559e+04,-2.233575865310329367e-01
2.223111555777888861e+04,-2.233579430281757705e-01
2.225112556278138800e+04,-2.233582988657261958e-01
2.227113556778389102e+04,-2.233586540471222126e-01
2.229114557278639040e+04,-2.233590085758244137e-01
2.231115557778889342e+04,-2.233593624553132095e-01
2.233116558279139645e+04,-2.233597156890854418e-01
2.235117558779389583e+04,-2.233600682806513860e-01
2.237118559279639885e+04,-2.233604202335313371e-01
2.239119559779889823e+04,-2.233607715512528069e-01
2.241120560280140126e+04,-2.233611222373471650e-01
2.243121560780390064e+04,-2.233614722953465026e-01
2.245122561280640366e+04,-2.233618217287805241e-01
2.247123561780890668e+04,-2.233621705411734104e-01
2.249124562281140607e+04,-2.233625187360409325e-01
2.251125562781390909e+04,-2.233628663168869821e-01
2.253126563281640847e+04,-2.233632132872009068e-01
2.255127563781891149e+04,-2.233635596504543186e-01
2.257128564282141087e+04,-2.233639054100980403e-01
2.259129564782391390e+04,-2.233642505695592195e-01
2.261130565282641328e+04,-2.233645951322384970e-01
2.263131565782891630e+04,-2.233649391015069263e-01
2.265132566283141932e+04,-2.233652824807032533e-01
2.267133566783391871e+04,-2.233656252731312242e-01
2.269134567283641445e+04,-2.233659674820565322e-01
2.271135567783891747e+04,-2.233663091107043197e-01
2.273136568284142049e+04,-2.233666501622566525e-01
2.275137568784391988e+04,-2.233669906398496052e-01
2.277138569284642290e+04,-2.233673305465709857e-01
2.279139569784892228e+04,-2.233676698854578369e-01
2.281140570285142530e+04,-2.233680086594939107e-01
2.283141570785392469e+04,-2.233683468716074483e-01
2.285142571285642771e+04,-2.233686845246689590e-01
2.287143571785892709e+04,-2.233690216214888891e-01
2.289144572286143011e+04,-2.233693581648156512e-01
2.291145572786393313e+04,-2.233696941573335981e-01
2.293146573286643252e+04,-2.233700296016609965e-01
2.295147573786893554e+04,-2.233703645003483063e-01
2.297148574287143492e+04,-2.233706988558762652e-01
2.299149574787393794e+04,-2.233710326706545013e-01
2.301150575287643733e+04,-2.233713659470195068e-01
2.303151575787894035e+04,-2.233716986872339438e-01
2.305152576288143973e+04,-2.233720308934843135e-01
2.307153576788394275e+04,-2.233723625678806501e-01
2.309154577288644577e+04,-2.233726937124546619e-01
2.311155577788894516e+04,-2.233730243291592032e-01
2.313156578289144818e+04,-2.233733544198669707e-01
2.315157578789394756e+04,-2.233736839863700863e-01
2.317158579289645058e+04,-2.233740130303791260e-01
2.319159579789894997e+04,-2.233743415535226762e-01
2.321160580290145299e+04,-2.233746695573468888e-01
2.323161580790394873e+04,-2.233749970433153154e-01
2.325162581290645176e+04,-2.233753240128083239e-01
2.327163581790895114e+04,-2.233756504671236265e-01
2.329164582291145416e+04,-2.233759764074757237e-01
2.331165582791395354e+04,-2.233763018349967655e-01
2.333166583291645657e+04,-2.233766267507361625e-01
2.335167583791895959e+04,-2.233769511556617515e-01
2.337168584292145897e+04,-2.233772750506598515e-01
2.339169584792396199e+04,-2.233775984365361233e-01
2.341170585292646138e+04,-2.233779213140166531e-01
2.343171585792896440e+04,-2.233782436837485896e-01
2.345172586293146378e+04,-2.233785655463014774e-01
2.347173586793396680e+04,-2.233788869021682277e-01
2.349174587293646982e+04,-2.233792077517668118e-01
2.351175587793896921e+04,-2.233795280954413986e-01
2.353176588294147223e+04,-2.233798479334640485e-01
2.355177588794397161e+04,-2.233801672660365445e-01
2.357178589294647463e+04,-2.233804860932919745e-01
2.359179589794897402e+04,-2.233808044152967298e-01
2.361180590295147704e+04,-2.233811222320525869e-01
2.363181590795397642e+04,-2.233814395434987055e-01
2.365182591295647944e+04,-2.233817563495140712e-01
2.367183591795898246e+04,-2.233820726499195219e-01
2.369184592296148185e+04,-2.233823884444801344e-01
2.371185592796398487e+04,-2.233827037329081944e-01
2.373186593296648425e+04,-2.233830185148650282e-01
2.375187593796898727e+04,-2.233833327899642507e-01
2.377188594297148302e+04,-2.233836465577738184e-01
2.379189594797398604e+04,-2.233839598178195829e-01
2.381190595297648542e+04,-2.233842725695873999e-01
2.383191595797898844e+04,-2.233845848125262934e-01
2.385192596298148783e+04,-2.233848965460513147e-01
2.387193596798399085e+04,-2.233852077695463734e-01
2.389194597298649023e+04,-2.233855184823674012e-01
2.391195597798899325e+04,-2.233858286838450169e-01
2.393196598299149628e+04,-2.233861383732878847e-01
2.395197598799399566e+04,-2.233864475499854896e-01
2.397198599299649868e+04,-2.233867562132110796e-01
2.399199599799899806e+04,-2.233870643622249963e-01
2.401200600300150109e+04,-2.233873719962773952e-01
2.403201600800400047e+04,-2.233876791146111873e-01
2.405202601300650349e+04,-2.233879857164652594e-01
2.407203601800900287e+04,-2.233882918010771934e-01
2.409204602301150589e+04,-2.233885973676862646e-01
2.411205602801400892e+04,-2.233889024155363556e-01
2.413206603301650830e+04,-2.233892069438785655e-01
2.415207603801901132e+04,-2.233895109519741795e-01
2.417208604302151070e+04,-2.233898144390973339e-01
2.419209604802401373e+04,-2.233901174045377080e-01
2.421210605302651311e+04,-2.233904198476028835e-01
2.423211605802901613e+04,-2.233907217676212031e-01
2.425212606303151915e+04,-2.233910231639440191e-01
2.427213606803401854e+04,-2.233913240359481356e-01
2.429214607303652156e+04,-2.233916243830381121e-01
2.431215607803902094e+04,-2.233919242046483178e-01
2.433216608304151669e+04,-2.233922235002453738e-01
2.435217608804401971e+04,-2.233925222693297630e-01
2.437218609304652273e+04,-2.233928205114383558e-01
2.439219609804902211e+04,-2.233931182261456316e-01
2.441220610305152513e+04,-2.233934154130658434e-01
2.443221610805402452e+04,-2.233937120718545999e-01
2.445222611305652754e+04,-2.233940082022103923e-01
2.447223611805902692e+04,-2.233943038038759266e-01
2.449224612306152994e+04,-2.233945988766400104e-01
2.451225612806403296e+04,-2.233948934203380254e-01
2.453226613306653235e+04,-2.233951874348537314e-01
2.455227613806903537e+04,-2.233954809201200986e-01
2.457228614307153475e+04,-2.233957738761202516e-01
2.459229614807403777e+04,-2.233960663028885518e-01
2.461230615307653716e+04,-2.233963582005108472e-01
2.463231615807904018e+04,-2.233966495691259435e-01
2.465232616308153956e+04,-2.233969404089253541e-01
2.467233616808404258e+04,-2.233972307201543550e-01
2.469234617308654560e+04,-2.233975205031121791e-01
2.471235617808904499e+04,-2.233978097581522937e-01
2.473236618309154801e+04,-2.233980984856825114e-01
2.475237618809404739e+04,-2.233983866861654344e-01
2.477238619309655041e+04,-2.233986743601181768e-01
2.479239619809904980e+04,-2.233989615081122260e-01
2.481240620310155282e+04,-2.233992481307738587e-01
2.483241620810405584e+04,-2.233995342287831698e-01
2.485242621310655522e+04,-2.233998198028744886e-01
2.487243621810905097e+04,-2.234001048538353518e-01
2.489244622311155399e+04,-2.234003893825066700e-01
2.491245622811405337e+04,-2.234006733897818675e-01
2.493246623311655640e+04,-2.234009568766063825e-01
2.495247623811905942e+04,-2.234012398439767788e-01
2.497248624312155880e+04,-2.234015222929406630e-01
2.499249624812406182e+04,-2.234018042245952962e-01
2.501250625312656121e+04,-2.234020856400869837e-01
2.503251625812906423e+04,-2.234023665406103532e-01
2.505252626313156361e+04,-2.234026469274071058e-01
2.507253626813406663e+04,-2.234029268017654335e-01
2.509254627313656965e+04,-2.234032061650185752e-01
2.511255627813906904e+04,-2.234034850185440402e-01
2.513256628314157206e+04,-2.234037633637623033e-01
2.515257628814407144e+04,-2.234040412021358335e-01
2.517258629314657446e+04,-2.234043185351677618e-01
2.519259629814907385e+04,-2.234045953644005766e-01
2.521260630315157687e+04,-2.234048716914150690e-01
2.523261630815407625e+04,-2.234051475178290280e-01
2.525262631315657927e+04,-2.234054228452956870e-01
2.527263631815908229e+04,-2.234056976755025570e-01
2.529264632316158168e+04,-2.234059720101699009e-01
2.531265632816408470e+04,-2.234062458510495952e-01
2.533266633316658408e+04,-2.234065191999235478e-01
2.535267633816908710e+04,-2.234067920586020606e-01
2.537268634317158649e+04,-2.234070644289226915e-01
2.539269634817408951e+04,-2.234073363127486445e-01
2.541270635317658525e+04,-2.234076077119673820e-01
2.543271635817908827e+04,-2.234078786284888207e-01
2.545272636318158766e+04,-2.234081490642442214e-01
2.547273636818409068e+04,-2.234084190211842180e-01
2.549274637318659006e+04,-2.234086885012778190e-01
2.551275637818909308e+04,-2.234089575065104361e-01
2.553276638319159611e+04,-2.234092260388823026e-01
2.555277638819409549e+04,-2.234094941004074464e-01
2.557278639319659851e+04,-2.234097616931116081e-01
2.559279639819909789e+04,-2.234100288190306871e-01
2.561280640320160092e+04,-2.234102954802097418e-01
2.563281640820410030e+04,-2.234105616787006865e-01
2.565282641320660332e+04,-2.234108274165613750e-01
2.567283641820910270e+04,-2.234110926958534915e-01
2.569284642321160572e+04,-2.234113575186415790e-01
2.571285642821410875e+04,-2.234116218869909853e-01
2.573286643321660813e+04,-2.234118858029665589e-01
2.575287643821911115e+04,-2.234121492686311217e-01
2.577288644322161053e+04,-2.234124122860439987e-01
2.579289644822411356e+04,-2.234126748572591581e-01
2.581290645322661294e+04,-2.234129369843242396e-01
2.583291645822911596e+04,-2.234131986692785565e-01
2.585292646323161898e+04,-2.234134599141519573e-01
2.587293646823411837e+04,-2.234137207209631881e-01
2.589294647323662139e+04,-2.234139810917184499e-01
2.591295647823912077e+04,-2.234142410284100100e-01
2.593296648324162379e+04,-2.234145005330146760e-01
2.595297648824412317e+04,-2.234147596074925746e-01
2.597298649324662256e+04,-2.234150182537854579e-01
2.599299649824912194e+04,-2.234152764738155938e-01
2.601300650325162496e+04,-2.234155342694842949e-01
2.603301650825412435e+04,-2.234157916426706969e-01
2.605302651325662737e+04,-2.234160485952301212e-01
2.607303651825912675e+04,-2.234163051289932422e-01
2.609304652326162977e+04,-2.234165612457644778e-01
2.611305652826413279e+04,-2.234168169473209620e-01
2.613306653326663218e+04,-2.234170722354110739e-01
2.615307653826913520e+04,-2.234173271117534665e-01
2.617308654327163458e+04,-2.234175815780360674e-01
2.619309654827413760e+04,-2.234178356359143025e-01
2.621310655327663699e+04,-2.234180892870107626e-01
2.623311655827914001e+04,-2.234183425329137329e-01
2.625312656328163939e+04,-2.234185953751760267e-01
2.627313656828414241e+04,-2.234188478153145418e-01
2.629314657328664543e+04,-2.234190998548085116e-01
2.631315657828914482e+04,-2.234193514950993664e-01
2.633316658329164784e+04,-2.234196027375892346e-01
2.635317658829414722e+04,-2.234198535836404431e-01
2.637318659329665024e+04,-2.234201040345745737e-01
2.639319659829914963e+04,-2.234203540916716579e-01
2.641320660330165265e+04,-2.234206037561696223e-01
2.643321660830415203e+04,-2.234208530292633443e-01
2.645322661330665505e+04,-2.234211019121043196e-01
2.647323661830915808e+04,-2.234213504057996902e-01
2.649324662331165746e+04,-2.234215985114121339e-01
2.651325662831415320e+04,-2.234218462299589203e-01
2.653326663331665623e+04,-2.234220935624118276e-01
2.655327663831915925e+04,-2.234223405096965043e-01
2.657328664332165863e+04,-2.234225870726923024e-01
2.659329664832416165e+04,-2.234228332522318339e-01
2.661330665332666103e+04,-2.234230790491007479e-01
2.663331665832916406e+04,-2.234233244640374261e-01
2.665332666333166344e+04,-2.234235694977332876e-01
2.667333666833416646e+04,-2.234238141508321784e-01
2.669334667333666584e+04,-2.234240584239305383e-01
2.671335667833916887e+04,-2.234243023175774279e-01
2.673336668334167189e+04,-2.234245458322747790e-01
2.675337668834417127e+04,-2.234247889684772281e-01
2.677338669334667429e+04,-2.234250317265924490e-01
2.679339669834917368e+04,-2.234252741069814030e-01
2.681340670335167670e+04,-2.234255161099586995e-01
2.683341670835417608e+04,-2.234257577357929292e-01
2.685342671335667910e+04,-2.234259989847068861e-01
2.687343671835918212e+04,-2.234262398568784280e-01
2.689344672336168151e+04,-2.234264803524406429e-01
2.691345672836418453e+04,-2.234267204714826260e-01
2.693346673336668391e+04,-2.234269602140500910e-01
2.695347673836918693e+04,-2.234271995801460353e-01
2.697348674337168632e+04,-2.234274385697315735e-01
2.699349674837418934e+04,-2.234276771827266306e-01
2.701350675337668872e+04,-2.234279154190107752e-01
2.703351675837919174e+04,-2.234281532784242741e-01
2.705352676338168749e+04,-2.234283907607690634e-01
2.707353676838419051e+04,-2.234286278658095259e-01
2.709354677338668989e+04,-2.234288645932736850e-01
2.711355677838919291e+04,-2.234291009428544250e-01
2.713356678339169594e+04,-2.234293369142102970e-01
2.715357678839419532e+04,-2.234295725069671834e-01
2.717358679339669834e+04,-2.234298077207189648e-01
2.719359679839919772e+04,-2.234300425550292957e-01
2.721360680340170074e+04,-2.234302770094325763e-01
2.723361680840420013e+04,-2.234305110834355346e-01
2.725362681340670315e+04,-2.234307447765182253e-01
2.727363681840920253e+04,-2.234309780881359175e-01
2.729364682341170555e+04,-2.234312110177200661e-01
2.731365682841420858e+04,-2.234314435646802266e-01
2.733366683341670796e+04,-2.234316757284050270e-01
2.735367683841921098e+04,-2.234319075082641659e-01
2.737368684342171036e+04,-2.234321389036094396e-01
2.739369684842421339e+04,-2.234323699137767960e-01
2.741370685342671277e+04,-2.234326005380875835e-01
2.743371685842921579e+04,-2.234328307758501053e-01
2.745372686343171517e+04,-2.234330606263612018e-01
2.747373686843421820e+04,-2.234332900889079709e-01
2.749374687343672122e+04,-2.234335191627694339e-01
2.751375687843922060e+04,-2.234337478472175897e-01
2.753376688344172362e+04,-2.234339761415196912e-01
2.755377688844422300e+04,-2.234342040449393552e-01
2.757378689344672603e+04,-2.234344315567383943e-01
2.759379689844922177e+04,-2.234346586761781495e-01
2.761380690345172479e+04,-2.234348854025213771e-01
2.763381690845422418e+04,-2.234351117350333871e-01
2.765382691345672720e+04,-2.234353376729839857e-01
2.767383691845922658e+04,-2.234355632156486970e-01
2.769384692346172960e+04,-2.234357883623102614e-01
2.771385692846422899e+04,-2.234360131122604676e-01
2.773386693346673201e+04,-2.234362374648009852e-01
2.775387693846923503e+04,-2.234364614192455023e-01
2.777388694347173441e+04,-2.234366849749203632e-01
2.779389694847423743e+04,-2.234369081311666505e-01
2.781390695347673682e+04,-2.234371308873409345e-01
2.783391695847923984e+04,-2.234373532428169662e-01
2.785392696348173922e+04,-2.234375751969867874e-01
2.787393696848424224e+04,-2.234377967492618688e-01
2.789394697348674526e+04,-2.234380178990744703e-01
2.791395697848924465e+04,-2.234382386458787229e-01
2.793396698349174767e+04,-2.234384589891517392e-01
2.795397698849424705e+04,-2.234386789283946129e-01
2.797398699349675007e+04,-2.234388984631336394e-01
2.799399699849924946e+04,-2.234391175929210382e-01
2.801400700350175248e+04,-2.234393363173362013e-01
2.803401700850425186e+04,-2.234395546359863594e-01
2.805402701350675488e+04,-2.234397725485074149e-01
2.807403701850925790e+04,-2.234399900545649409e-01
2.809404702351175729e+04,-2.234402071538549583e-01
2.811405702851426031e+04,-2.234404238461042969e-01
2.813406703351675969e+04,-2.234406401310716217e-01
2.815407703851925908e+04,-2.234408560085480444e-01
2.817408704352175846e+04,-2.234410714783574836e-01
2.819409704852426148e+04,-2.234412865403573867e-01
2.821410705352676086e+04,-2.234415011944392571e-01
2.823411705852926389e+04,-2.234417154405287098e-01
2.825412706353176327e+04,-2.234419292785864986e-01
2.827413706853426629e+04,-2.234421427086082657e-01
2.829414707353676567e+04,-2.234423557306252361e-01
2.831415707853926870e+04,-2.234425683447044675e-01
2.833416708354177172e+04,-2.234427805509487386e-01
2.835417708854427110e+04,-2.234429923494971604e-01
2.837418709354677412e+04,-2.234432037405249538e-01
2.839419709854927351e+04,-2.234434147242438107e-01
2.841420710355177653e+04,-2.234436253009018936e-01
2.843421710855427591e+04,-2.234438354707836971e-01
2.845422711355677893e+04,-2.234440452342101313e-01
2.847423711855927831e+04,-2.234442545915386324e-01
2.849424712356178134e+04,-2.234444635431627468e-01
2.851425712856428436e+04,-2.234446720895121863e-01
2.853426713356678374e+04,-2.234448802310528281e-01
2.855427713856928676e+04,-2.234450879682860491e-01
2.857428714357178615e+04,-2.234452953017489474e-01
2.859429714857428917e+04,-2.234455022320139539e-01
2.861430715357678855e+04,-2.234457087596883051e-01
2.863431715857929157e+04,-2.234459148854140986e-01
2.865432716358179459e+04,-2.234461206098676544e-01
2.867433716858429398e+04,-2.234463259337592378e-01
2.869434717358678972e+04,-2.234465308578327536e-01
2.871435717858929274e+04,-2.234467353828650527e-01
2.873436718359179213e+04,-2.234469395096657651e-01
2.875437718859429515e+04,-2.234471432390766898e-01
2.877438719359679817e+04,-2.234473465719713225e-01
2.879439719859929755e+04,-2.234475495092542174e-01
2.881440720360180057e+04,-2.234477520518605986e-01
2.883441720860429996e+04,-2.234479542007558328e-01
2.885442721360680298e+04,-2.234481559569347076e-01
2.887443721860930236e+04,-2.234483573214207375e-01
2.889444722361180538e+04,-2.234485582952659699e-01
2.891445722861430841e+04,-2.234487588795499580e-01
2.893446723361680779e+04,-2.234489590753792887e-01
2.895447723861931081e+04,-2.234491588838868614e-01
2.897448724362181019e+04,-2.234493583062313604e-01
2.899449724862431322e+04,-2.234495573435962834e-01
2.901450725362681260e+04,-2.234497559971894698e-01
2.903451725862931562e+04,-2.234499542682426287e-01
2.905452726363181500e+04,-2.234501521580099515e-01
2.907453726863431802e+04,-2.234503496677681111e-01
2.909454727363682105e+04,-2.234505467988150418e-01
2.911455727863932043e+04,-2.234507435524695218e-01
2.913456728364182345e+04,-2.234509399300700361e-01
2.915457728864432283e+04,-2.234511359329746094e-01
2.917458729364682586e+04,-2.234513315625593910e-01
2.919459729864932524e+04,-2.234515268202184324e-01
2.921460730365182826e+04,-2.234517217073626050e-01
2.923461730865432401e+04,-2.234519162254190172e-01
2.925462731365682703e+04,-2.234521103758299321e-01
2.927463731865932641e+04,-2.234523041600524340e-01
2.929464732366182943e+04,-2.234524975795574298e-01
2.931465732866432882e+04,-2.234526906358286491e-01
2.933466733366683184e+04,-2.234528833303622286e-01
2.935467733866933486e+04,-2.234530756646657124e-01
2.937468734367183424e+04,-2.234532676402574136e-01
2.939469734867433726e+04,-2.234534592586654989e-01
2.941470735367683665e+04,-2.234536505214271551e-01
2.943471735867933967e+04,-2.234538414300879239e-01
2.945472736368183905e+04,-2.234540319862009794e-01
2.947473736868434207e+04,-2.234542221913262405e-01
2.949474737368684146e+04,-2.234544120470295658e-01
2.951475737868934448e+04,-2.234546015548818654e-01
2.953476738369184750e+04,-2.234547907164587677e-01
2.955477738869434688e+04,-2.234549795333393429e-01
2.957478739369684990e+04,-2.234551680071055757e-01
2.959479739869934929e+04,-2.234553561393415322e-01
2.961480740370185231e+04,-2.234555439316327496e-01
2.963481740870435169e+04,-2.234557313855651817e-01
2.965482741370685471e+04,-2.234559185027247541e-01
2.967483741870935773e+04,-2.234561052846963380e-01
2.969484742371185712e+04,-2.234562917330631671e-01
2.971485742871436014e+04,-2.234564778494060322e-01
2.973486743371685952e+04,-2.234566636353027269e-01
2.975487743871936254e+04,-2.234568490923269923e-01
2.977488744372186193e+04,-2.234570342220480177e-01
2.979489744872436131e+04,-2.234572190260295799e-01
2.981490745372686069e+04,-2.234574035058296548e-01
2.983491745872936372e+04,-2.234575876629990576e-01
2.985492746373186310e+04,-2.234577714990816366e-01
2.987493746873436612e+04,-2.234579550156126082e-01
2.989494747373686550e+04,-2.234581382141187511e-01
2.991495747873936853e+04,-2.234583210961171851e-01
2.993496748374187155e+04,-2.234585036631147881e-01
2.995497748874437093e+04,-2.234586859166078354e-01
2.997498749374687395e+04,-2.234588678580808896e-01
2.999499749874937334e+04,-2.234590494890063839e-01
3.001500750375187636e+04,-2.234592308108441228e-01
3.003501750875437574e+04,-2.234594118250405603e-01
3.005502751375687876e+04,-2.234595925330279953e-01
3.007503751875937814e+04,-2.234597729362243490e-01
3.009504752376188117e+04,-2.234599530360321384e-01
3.011505752876438419e+04,-2.234601328338381709e-01
3.013506753376688357e+04,-2.234603123310131279e-01
3.015507753876938659e+04,-2.234604915289104543e-01
3.017508754377188598e+04,-2.234606704288664702e-01
3.019509754877438900e+04,-2.234608490321993990e-01
3.021510755377688838e+04,-2.234610273402089786e-01
3.023511755877939140e+04,-2.234612053541759347e-01
3.025512756378189079e+04,-2.234613830753616748e-01
3.027513756878439381e+04,-2.234615605050073173e-01
3.029514757378689683e+04,-2.234617376443339687e-01
3.031515757878939621e+04,-2.234619144945416414e-01
3.033516758379189196e+04,-2.234620910568089203e-01
3.035517758879439498e+04,-2.234622673322930464e-01
3.037518759379689800e+04,-2.234624433221288065e-01
3.039519759879939738e+04,-2.234626190274285884e-01
3.041520760380190040e+04,-2.234627944492818541e-01
3.043521760880439979e+04,-2.234629695887550005e-01
3.045522761380690281e+04,-2.234631444468907768e-01
3.047523761880940219e+04,-2.234633190247079793e-01
3.049524762381190521e+04,-2.234634933232012288e-01
3.051525762881440460e+04,-2.234636673433408327e-01
3.053526763381690762e+04,-2.234638410860722291e-01
3.055527763881941064e+04,-2.234640145523159316e-01
3.057528764382191002e+04,-2.234641877429673629e-01
3.059529764882441305e+04,-2.234643606588964659e-01
3.061530765382691243e+04,-2.234645333009475376e-01
3.063531765882941545e+04,-2.234647056699393119e-01
3.065532766383191483e+04,-2.234648777666645436e-01
3.067533766883441785e+04,-2.234650495918899527e-01
3.069534767383692088e+04,-2.234652211463563076e-01
3.071535767883942026e+04,-2.234653924307780370e-01
3.073536768384192328e+04,-2.234655634458433404e-01
3.075537768884442266e+04,-2.234657341922142160e-01
3.077538769384692569e+04,-2.234659046705263774e-01
3.079539769884942507e+04,-2.234660748813890596e-01
3.081540770385192809e+04,-2.234662448253855460e-01
3.083541770885442747e+04,-2.234664145030726690e-01
3.085542771385693050e+04,-2.234665839149812261e-01
3.087543771885942624e+04,-2.234667530616159525e-01
3.089544772386192926e+04,-2.234669219434556042e-01
3.091545772886442865e+04,-2.234670905609532909e-01
3.093546773386693167e+04,-2.234672589145363375e-01
3.095547773886943469e+04,-2.234674270046067279e-01
3.097548774387193407e+04,-2.234675948315411886e-01
3.099549774887443709e+04,-2.234677623956914383e-01
3.101550775387693648e+04,-2.234679296973844376e-01
3.103551775887943950e+04,-2.234680967369225557e-01
3.105552776388193888e+04,-2.234682635145842089e-01
3.107553776888444190e+04,-2.234684300306237215e-01
3.109554777388694129e+04,-2.234685962852719088e-01
3.111555777888944431e+04,-2.234687622787363548e-01
3.113556778389194733e+04,-2.234689280112019671e-01
3.115557778889444671e+04,-2.234690934828310604e-01
3.117558779389694973e+04,-2.234692586937641057e-01
3.119559779889944912e+04,-2.234694236441197579e-01
3.121560780390195214e+04,-2.234695883339957723e-01
3.123561780890445152e+04,-2.234697527634691150e-01
3.125562781390695454e+04,-2.234699169325966017e-01
3.127563781890945393e+04,-2.234700808414153972e-01
3.129564782391195695e+04,-2.234702444899435148e-01
3.131565782891445997e+04,-2.234704078781803993e-01
3.133566783391695935e+04,-2.234705710061073713e-01
3.135567783891946237e+04,-2.234707338736882376e-01
3.137568784392196176e+04,-2.234708964808699294e-01
3.139569784892446478e+04,-2.234710588275831411e-01
3.141570785392696416e+04,-2.234712209137426631e-01
3.143571785892946355e+04,-2.234713827392483809e-01
3.145572786393196293e+04,-2.234715443039857197e-01
3.147573786893446595e+04,-2.234717056078260600e-01
3.149574787393696533e+04,-2.234718666506278761e-01
3.151575787893946836e+04,-2.234720274322369860e-01
3.153576788394197138e+04,-2.234721879524872723e-01
3.155577788894447076e+04,-2.234723482112017656e-01
3.157578789394697378e+04,-2.234725082081926439e-01
3.159579789894947316e+04,-2.234726679432625096e-01
3.161580790395197619e+04,-2.234728274162046668e-01
3.163581790895447557e+04,-2.234729866268042320e-01
3.165582791395697859e+04,-2.234731455748384110e-01
3.167583791895947797e+04,-2.234733042600774711e-01
3.169584792396198100e+04,-2.234734626822852954e-01
3.171585792896448402e+04,-2.234736208412202441e-01
3.173586793396698340e+04,-2.234737787366356809e-01
3.175587793896948642e+04,-2.234739363682807511e-01
3.177588794397198581e+04,-2.234740937359011581e-01
3.179589794897448883e+04,-2.234742508392396632e-01
3.181590795397698821e+04,-2.234744076780370015e-01
3.183591795897949123e+04,-2.234745642520324926e-01
3.185592796398199062e+04,-2.234747205609645404e-01
3.187593796898449364e+04,-2.234748766045716040e-01
3.189594797398699666e+04,-2.234750323825926421e-01
3.191595797898949604e+04,-2.234751878947679737e-01
3.193596798399199906e+04,-2.234753431408397217e-01
3.195597798899449845e+04,-2.234754981205526736e-01
3.197598799399699783e+04,-2.234756528336545589e-01
3.199599799899949721e+04,-2.234758072798972428e-01
3.201600800400200023e+04,-2.234759614590368093e-01
3.203601800900449962e+04,-2.234761153708344494e-01
3.205602801400700264e+04,-2.234762690150569608e-01
3.207603801900950202e+04,-2.234764223914773862e-01
3.209604802401200504e+04,-2.234765754998754850e-01
3.211605802901450443e+04,-2.234767283400383442e-01
3.213606803401700745e+04,-2.234768809117610167e-01
3.215607803901951047e+04,-2.234770332148468819e-01
3.217608804402200985e+04,-2.234771852491080624e-01
3.219609804902451287e+04,-2.234773370143665061e-01
3.221610805402701226e+04,-2.234774885104535702e-01
3.223611805902951528e+04,-2.234776397372112700e-01
3.225612806403201466e+04,-2.234777906944921955e-01
3.227613806903451768e+04,-2.234779413821603999e-01
3.229614807403702071e+04,-2.234780918000914551e-01
3.231615807903952009e+04,-2.234782419481728677e-01
3.233616808404202311e+04,-2.234783918263046343e-01
3.235617808904452249e+04,-2.234785414343997689e-01
3.237618809404702552e+04,-2.234786907723840255e-01
3.239619809904952490e+04,-2.234788398401970078e-01
3.241620810405202792e+04,-2.234789886377917256e-01
3.243621810905452730e+04,-2.234791371651354830e-01
3.245622811405703033e+04,-2.234792854222100722e-01
3.247623811905953335e+04,-2.234794334090115242e-01
3.249624812406203273e+04,-2.234795811255510245e-01
3.251625812906452848e+04,-2.234797285718546911e-01
3.253626813406703150e+04,-2.234798757479640186e-01
3.255627813906953452e+04,-2.234800226539359891e-01
3.257628814407203390e+04,-2.234801692898431558e-01
3.259629814907453692e+04,-2.234803156557739756e-01
3.261630815407703631e+04,-2.234804617518328929e-01
3.263631815907953933e+04,-2.234806075781402279e-01
3.265632816408203871e+04,-2.234807531348328158e-01
3.267633816908454173e+04,-2.234808984220635342e-01
3.269634817408704112e+04,-2.234810434400017476e-01
3.271635817908954414e+04,-2.234811881888332241e-01
3.273636818409204716e+04,-2.234813326687601076e-01
3.275637818909454654e+04,-2.234814768800011675e-01
3.277638819409704593e+04,-2.234816208227918266e-01
3.279639819909955258e+04,-2.234817644973837170e-01
3.281640820410205197e+04,-2.234819079040452350e-01
3.283641820910455135e+04,-2.234820510430610696e-01
3.285642821410705074e+04,-2.234821939147326186e-01
3.287643821910955739e+04,-2.234823365193775446e-01
3.289644822411205678e+04,-2.234824788573298027e-01
3.291645822911455616e+04,-2.234826209289396959e-01
3.293646823411706282e+04,-2.234827627345736256e-01
3.295647823911956220e+04,-2.234829042746141470e-01
3.297648824412206159e+04,-2.234830455494598023e-01
3.299649824912456097e+04,-2.234831865595248157e-01
3.301650825412706763e+04,-2.234833273052392877e-01
3.303651825912956701e+04,-2.234834677870488062e-01
3.305652826413206640e+04,-2.234836080054144469e-01
3.307653826913456578e+04,-2.234837479608123845e-01
3.309654827413706516e+04,-2.234838876537340591e-01
3.311655827913956455e+04,-2.234840270846855659e-01
3.313656828414207121e+04,-2.234841662541879881e-01
3.315657828914457059e+04,-2.234843051627767585e-01
3.317658829414706997e+04,-2.234844438110015763e-01
3.319659829914957663e+04,-2.234845821994264070e-01
3.321660830415207602e+04,-2.234847203286288719e-01
3.323661830915457540e+04,-2.234848581992003314e-01
3.325662831415707478e+04,-2.234849958117456903e-01
3.327663831915958144e+04,-2.234851331668828711e-01
3.329664832416208083e+04,-2.234852702652426193e-01
3.331665832916458021e+04,-2.234854071074686421e-01
3.333666833416708687e+04,-2.234855436942169149e-01
3.335667833916958625e+04,-2.234856800261555143e-01
3.337668834417208564e+04,-2.234858161039645075e-01
3.339669834917458502e+04,-2.234859519283356466e-01
3.341670835417709168e+04,-2.234860874999717029e-01
3.343671835917959106e+04,-2.234862228195870215e-01
3.345672836418209044e+04,-2.234863578879062451e-01
3.347673836918458983e+04,-2.234864927056650352e-01
3.349674837418709649e+04,-2.234866272736087123e-01
3.351675837918959587e+04,-2.234867615924929496e-01
3.353676838419209525e+04,-2.234868956630828574e-01
3.355677838919460191e+04,-2.234870294861529549e-01
3.357678839419710130e+04,-2.234871630624867545e-01
3.359679839919960068e+04,-2.234872963928765666e-01
3.361680840420210006e+04,-2.234874294781231119e-01
3.363681840920459945e+04,-2.234875623190351601e-01
3.365682841420709883e+04,-2.234876949164295579e-01
3.367683841920960549e+04,-2.234878272711303404e-01
3.369684842421210487e+04,-2.234879593839689815e-01
3.371685842921460426e+04,-2.234880912557839217e-01
3.373686843421710364e+04,-2.234882228874199850e-01
3.375687843921961030e+04,-2.234883542797284350e-01
3.377688844422210968e+04,-2.234884854335665305e-01
3.379689844922460907e+04,-2.234886163497971090e-01
3.381690845422711573e+04,-2.234887470292885592e-01
3.383691845922961511e+04,-2.234888774729140437e-01
3.385692846423211449e+04,-2.234890076815517213e-01
3.387693846923461388e+04,-2.234891376560841358e-01
3.389694847423712054e+04,-2.234892673973978283e-01
3.391695847923961992e+04,-2.234893969063833641e-01
3.393696848424211930e+04,-2.234895261839346947e-01
3.395697848924462596e+04,-2.234896552309489359e-01
3.397698849424712535e+04,-2.234897840483263398e-01
3.399699849924962473e+04,-2.234899126369694899e-01
3.401700850425212411e+04,-2.234900409977833569e-01
3.403701850925463077e+04,-2.234901691316750760e-01
3.405702851425713015e+04,-2.234902970395531707e-01
3.407703851925962954e+04,-2.234904247223277740e-01
3.409704852426213620e+04,-2.234905521809101570e-01
3.411705852926463558e+04,-2.234906794162121457e-01
3.413706853426713496e+04,-2.234908064291462881e-01
3.415707853926963435e+04,-2.234909332206252153e-01
3.417708854427213373e+04,-2.234910597915615582e-01
3.419709854927463311e+04,-2.234911861428675317e-01
3.421710855427713977e+04,-2.234913122754547676e-01
3.423711855927963916e+04,-2.234914381902337599e-01
3.425712856428213854e+04,-2.234915638881138922e-01
3.427713856928463792e+04,-2.234916893700030771e-01
3.429714857428714458e+04,-2.234918146368074232e-01
3.431715857928964397e+04,-2.234919396894308186e-01
3.433716858429214335e+04,-2.234920645287749585e-01
3.435717858929465001e+04,-2.234921891557387907e-01
3.437718859429714939e+04,-2.234923135712184317e-01
3.439719859929964878e+04,-2.234924377761069170e-01
3.441720860430214816e+04,-2.234925617712935353e-01
3.443721860930465482e+04,-2.234926855576642446e-01
3.445722861430715420e+04,-2.234928091361008673e-01
3.447723861930965359e+04,-2.234929325074809514e-01
3.449724862431215297e+04,-2.234930556726776596e-01
3.451725862931465963e+04,-2.234931786325593805e-01
3.453726863431715901e+04,-2.234933013879894514e-01
3.455727863931965840e+04,-2.234934239398261580e-01
3.457728864432216506e+04,-2.234935462889220681e-01
3.459729864932466444e+04,-2.234936684361241432e-01
3.461730865432716382e+04,-2.234937903822734329e-01
3.463731865932966321e+04,-2.234939121282046859e-01
3.465732866433216986e+04,-2.234940336747461842e-01
3.467733866933466925e+04,-2.234941550227197149e-01
3.469734867433716863e+04,-2.234942761729399041e-01
3.471735867933966802e+04,-2.234943971262144669e-01
3.473736868434216740e+04,-2.234945178833436796e-01
3.475737868934466678e+04,-2.234946384451202972e-01
3.477738869434717344e+04,-2.234947588123291917e-01
3.479739869934967282e+04,-2.234948789857474361e-01
3.481740870435217221e+04,-2.234949989661436931e-01
3.483741870935467887e+04,-2.234951187542782436e-01
3.485742871435717825e+04,-2.234952383509030416e-01
3.487743871935967763e+04,-2.234953577567608263e-01
3.489744872436217702e+04,-2.234954769725855939e-01
3.491745872936468368e+04,-2.234955959991021812e-01
3.493746873436718306e+04,-2.234957148370258773e-01
3.495747873936968244e+04,-2.234958334870625896e-01
3.497748874437218910e+04,-2.234959519499084279e-01
3.499749874937468849e+04,-2.234960702262495102e-01
3.501750875437718787e+04,-2.234961883167620178e-01
3.503751875937968725e+04,-2.234963062221118901e-01
3.505752876438219391e+04,-2.234964239429546029e-01
3.507753876938469330e+04,-2.234965414799350569e-01
3.509754877438719268e+04,-2.234966588336876059e-01
3.511755877938969934e+04,-2.234967760048355567e-01
3.513756878439219872e+04,-2.234968929939914195e-01
3.515757878939469811e+04,-2.234970098017564077e-01
3.517758879439719749e+04,-2.234971264287206327e-01
3.519759879939970415e+04,-2.234972428754626317e-01
3.521760880440220353e+04,-2.234973591425496453e-01
3.523761880940470292e+04,-2.234974752305372014e-01
3.525762881440720230e+04,-2.234975911399689763e-01
3.527763881940970168e+04,-2.234977068713770165e-01
3.529764882441220107e+04,-2.234978224252813506e-01
3.531765882941470772e+04,-2.234979378021898777e-01
3.533766883441720711e+04,-2.234980530025984513e-01
3.535767883941970649e+04,-2.234981680269907955e-01
3.537768884442221315e+04,-2.234982828758381446e-01
3.539769884942471253e+04,-2.234983975495995756e-01
3.541770885442721192e+04,-2.234985120487216204e-01
3.543771885942971130e+04,-2.234986263736384038e-01
3.545772886443221796e+04,-2.234987405247714498e-01
3.547773886943471734e+04,-2.234988545025296813e-01
3.549774887443721673e+04,-2.234989683073093925e-01
3.551775887943972339e+04,-2.234990819394943040e-01
3.553776888444222277e+04,-2.234991953994553970e-01
3.555777888944472215e+04,-2.234993086875507184e-01
3.557778889444722154e+04,-2.234994218041259917e-01
3.559779889944972820e+04,-2.234995347495137563e-01
3.561780890445222758e+04,-2.234996475240340341e-01
3.563781890945472696e+04,-2.234997601279941071e-01
3.565782891445722635e+04,-2.234998725616884341e-01
3.567783891945973301e+04,-2.234999848253986787e-01
3.569784892446223239e+04,-2.235000969193939591e-01
3.571785892946473177e+04,-2.235002088439306533e-01
3.573786893446723843e+04,-2.235003205992523445e-01
3.575787893946973782e+04,-2.235004321855902087e-01
3.577788894447223720e+04,-2.235005436031628490e-01
3.579789894947473658e+04,-2.235006548521761838e-01
3.581790895447723597e+04,-2.235007659328238361e-01
3.583791895947973535e+04,-2.235008768452870775e-01
3.585792896448224201e+04,-2.235009875897347176e-01
3.587793896948474139e+04,-2.235010981663235752e-01
3.589794897448724078e+04,-2.235012085751981459e-01
3.591795897948974016e+04,-2.235013188164910458e-01
3.593796898449224682e+04,-2.235014288903227619e-01
3.595797898949474620e+04,-2.235015387968022071e-01
3.597798899449724559e+04,-2.235016485360263594e-01
3.599799899949975224e+04,-2.235017581080806781e-01
3.601800900450225163e+04,-2.235018675130392152e-01
3.603801900950475101e+04,-2.235019767509646982e-01
3.605802901450725039e+04,-2.235020858219084472e-01
3.607803901950975705e+04,-2.235021947259111519e-01
3.609804902451225644e+04,-2.235023034630021221e-01
3.611805902951475582e+04,-2.235024120332003705e-01
3.613806903451726248e+04,-2.235025204365140294e-01
3.615807903951976186e+04,-2.235026286729409895e-01
3.617808904452226125e+04,-2.235027367424689271e-01
3.619809904952476063e+04,-2.235028446450753603e-01
3.621810905452726729e+04,-2.235029523807280372e-01
3.623811905952976667e+04,-2.235030599493850745e-01
3.625812906453226606e+04,-2.235031673509950412e-01
3.627813906953477272e+04,-2.235032745854973191e-01
3.629814907453727210e+04,-2.235033816528221862e-01
3.631815907953977148e+04,-2.235034885528911219e-01
3.633816908454227087e+04,-2.235035952856169461e-01
3.635817908954477025e+04,-2.235037018509040407e-01
3.637818909454726963e+04,-2.235038082486487943e-01
3.639819909954977629e+04,-2.235039144787394905e-01
3.641820910455227568e+04,-2.235040205410566971e-01
3.643821910955477506e+04,-2.235041264354737101e-01
3.645822911455727444e+04,-2.235042321618563588e-01
3.647823911955978110e+04,-2.235043377200635339e-01
3.649824912456228049e+04,-2.235044431099476314e-01
3.651825912956477987e+04,-2.235045483313544135e-01
3.653826913456728653e+04,-2.235046533841232863e-01
3.655827913956978591e+04,-2.235047582680878830e-01
3.657828914457228529e+04,-2.235048629830762301e-01
3.659829914957478468e+04,-2.235049675289106363e-01
3.661830915457729134e+04,-2.235050719054083868e-01
3.663831915957979072e+04,-2.235051761123820480e-01
3.665832916458229010e+04,-2.235052801496392461e-01
3.667833916958478949e+04,-2.235053840169834993e-01
3.669834917458729615e+04,-2.235054877142140795e-01
3.671835917958979553e+04,-2.235055912411265111e-01
3.673836918459229491e+04,-2.235056945975128218e-01
3.675837918959480157e+04,-2.235057977831617915e-01
3.677838919459730096e+04,-2.235059007978590639e-01
3.679839919959980034e+04,-2.235060036413878126e-01
3.681840920460229972e+04,-2.235061063135286019e-01
3.683841920960480638e+04,-2.235062088140599701e-01
3.685842921460730577e+04,-2.235063111427584848e-01
3.687843921960980515e+04,-2.235064132993991870e-01
3.689844922461230453e+04,-2.235065152837557023e-01
3.691845922961480392e+04,-2.235066170956007126e-01
3.693846923461730330e+04,-2.235067187347061501e-01
3.695847923961980996e+04,-2.235068202008433091e-01
3.697848924462230934e+04,-2.235069214937832893e-01
3.699849924962480873e+04,-2.235070226132973015e-01
3.701850925462731539e+04,-2.235071235591568062e-01
3.703851925962981477e+04,-2.235072243311338192e-01
3.705852926463231415e+04,-2.235073249290012443e-01
3.707853926963481354e+04,-2.235074253525329291e-01
3.709854927463732020e+04,-2.235075256015042755e-01
3.711855927963981958e+04,-2.235076256756920454e-01
3.713856928464231896e+04,-2.235077255748750824e-01
3.715857928964482562e+04,-2.235078252988341729e-01
3.717858929464732500e+04,-2.235079248473524349e-01
3.719859929964982439e+04,-2.235080242202156509e-01
3.721860930465232377e+04,-2.235081234172123787e-01
3.723861930965483043e+04,-2.235082224381342575e-01
3.725862931465732981e+04,-2.235083212827761734e-01
3.727863931965982920e+04,-2.235084199509364267e-01
3.729864932466233586e+04,-2.235085184424172311e-01
3.731865932966483524e+04,-2.235086167570245752e-01
3.733866933466733462e+04,-2.235087148945687219e-01
3.735867933966983401e+04,-2.235088128548642084e-01
3.737868934467234067e+04,-2.235089106377301515e-01
3.739869934967484005e+04,-2.235090082429904701e-01
3.741870935467733943e+04,-2.235091056704739954e-01
3.743871935967983882e+04,-2.235092029200146380e-01
3.745872936468233820e+04,-2.235092999914518319e-01
3.747873936968483758e+04,-2.235093968846303680e-01
3.749874937468734424e+04,-2.235094935994005882e-01
3.751875937968984363e+04,-2.235095901356189685e-01
3.753876938469234301e+04,-2.235096864931477301e-01
3.755877938969484967e+04,-2.235097826718554781e-01
3.757878939469734905e+04,-2.235098786716168406e-01
3.759879939969984844e+04,-2.235099744923132736e-01
3.761880940470234782e+04,-2.235100701338325058e-01
3.763881940970485448e+04,-2.235101655960692046e-01
3.765882941470735386e+04,-2.235102608789247824e-01
3.767883941970985325e+04,-2.235103559823076458e-01
3.769884942471235263e+04,-2.235104509061333899e-01
3.771885942971485929e+04,-2.235105456503248267e-01
3.773886943471735867e+04,-2.235106402148119287e-01
3.775887943971985806e+04,-2.235107345995323291e-01
3.777888944472236471e+04,-2.235108288044310165e-01
3.779889944972486410e+04,-2.235109228294606398e-01
3.781890945472736348e+04,-2.235110166745816196e-01
3.783891945972986287e+04,-2.235111103397620369e-01
3.785892946473236952e+04,-2.235112038249779387e-01
3.787893946973486891e+04,-2.235112971302132823e-01
3.789894947473736829e+04,-2.235113902554599075e-01
3.791895947973987495e+04,-2.235114832007177865e-01
3.793896948474237433e+04,-2.235115759659949963e-01
3.795897948974487372e+04,-2.235116685513078572e-01
3.797898949474737310e+04,-2.235117609566806551e-01
3.799899949974987248e+04,-2.235118531821461141e-01
3.801900950475237187e+04,-2.235119452277450902e-01
3.803901950975487853e+04,-2.235120370935267942e-01
3.805902951475737791e+04,-2.235121287795488187e-01
3.807903951975987729e+04,-2.235122202858770002e-01
3.809904952476237668e+04,-2.235123116125854736e-01
3.811905952976488334e+04,-2.235124027597568674e-01
3.813906953476738272e+04,-2.235124937274821921e-01
3.815907953976988210e+04,-2.235125845158606739e-01
3.817908954477238876e+04,-2.235126751250000321e-01
3.819909954977488815e+04,-2.235127655550162573e-01
3.821910955477738753e+04,-2.235128558060337223e-01
3.823911955977988691e+04,-2.235129458781850986e-01
3.825912956478239357e+04,-2.235130357716114402e-01
3.827913956978489296e+04,-2.235131254864620720e-01
3.829914957478739234e+04,-2.235132150228944237e-01
3.831915957978989900e+04,-2.235133043810743347e-01
3.833916958479239838e+04,-2.235133935611757217e-01
3.835917958979489777e+04,-2.235134825633806888e-01
3.837918959479739715e+04,-2.235135713878793895e-01
3.839919959979990381e+04,-2.235136600348702485e-01
3.841920960480240319e+04,-2.235137485045593231e-01
3.843921960980490257e+04,-2.235138367971609974e-01
3.845922961480740196e+04,-2.235139249128973438e-01
3.847923961980990862e+04,-2.235140128519983727e-01
3.849924962481240800e+04,-2.235141006147017828e-01
3.851925962981490738e+04,-2.235141882012531278e-01
3.853926963481740677e+04,-2.235142756119055663e-01
3.855927963981990615e+04,-2.235143628469198063e-01
3.857928964482241281e+04,-2.235144499065639112e-01
3.859929964982491219e+04,-2.235145367911138270e-01
3.861930965482741158e+04,-2.235146235008524940e-01
3.863931965982991096e+04,-2.235147100360701244e-01
3.865932966483241762e+04,-2.235147963970643969e-01
3.867933966983491700e+04,-2.235148825841398457e-01
3.869934967483741639e+04,-2.235149685976082212e-01
3.871935967983991577e+04,-2.235150544377881021e-01
3.873936968484242243e+04,-2.235151401050050612e-01
3.875937968984492181e+04,-2.235152255995912218e-01
3.877938969484742120e+04,-2.235153109218856182e-01
3.879939969984992786e+04,-2.235153960722337241e-01
3.881940970485242724e+04,-2.235154810509875356e-01
3.883941970985492662e+04,-2.235155658585055716e-01
3.885942971485742601e+04,-2.235156504951523737e-01
3.887943971985993267e+04,-2.235157349612989508e-01
3.889944972486243205e+04,-2.235158192573222513e-01
3.891945972986493143e+04,-2.235159033836053022e-01
3.893946973486743809e+04,-2.235159873405369035e-01
3.895947973986993748e+04,-2.235160711285117396e-01
3.897948974487243686e+04,-2.235161547479302957e-01
3.899949974987493624e+04,-2.235162381991983305e-01
3.901950975487744290e+04,-2.235163214827273759e-01
3.903951975987994228e+04,-2.235164045989342374e-01
3.905952976488244167e+04,-2.235164875482408275e-01
3.907953976988494105e+04,-2.235165703310744989e-01
3.909954977488744044e+04,-2.235166529478672948e-01
3.911955977988993982e+04,-2.235167353990565597e-01
3.913956978489244648e+04,-2.235168176850843014e-01
3.915957978989494586e+04,-2.235168998063971346e-01
3.917958979489744524e+04,-2.235169817634464484e-01
3.919959979989995190e+04,-2.235170635566880726e-01
3.921960980490245129e+04,-2.235171451865822778e-01
3.923961980990495067e+04,-2.235172266535934704e-01
3.925962981490745005e+04,-2.235173079581903866e-01
3.927963981990995671e+04,-2.235173891008456759e-01
3.929964982491245610e+04,-2.235174700820360683e-01
3.931965982991495548e+04,-2.235175509022419571e-01
3.933966983491746214e+04,-2.235176315619476495e-01
3.935967983991996152e+04,-2.235177120616409774e-01
3.937968984492246091e+04,-2.235177924018132145e-01
3.939969984992496029e+04,-2.235178725829591317e-01
3.941970985492746695e+04,-2.235179526055766364e-01
3.943971985992996633e+04,-2.235180324701669663e-01
3.945972986493246572e+04,-2.235181121772342461e-01
3.947973986993496510e+04,-2.235181917272858199e-01
3.949974987493747176e+04,-2.235182711208316408e-01
3.951975987993997114e+04,-2.235183503583843545e-01
3.953976988494247053e+04,-2.235184294404593819e-01
3.955977988994497719e+04,-2.235185083675745310e-01
3.957978989494747657e+04,-2.235185871402501911e-01
3.959979989994997595e+04,-2.235186657590088888e-01
3.961980990495247534e+04,-2.235187442243753708e-01
3.963981990995497472e+04,-2.235188225368764103e-01
3.965982991495747410e+04,-2.235189006970409453e-01
3.967983991995998076e+04,-2.235189787053995236e-01
3.969984992496248015e+04,-2.235190565624846359e-01
3.971985992996497953e+04,-2.235191342688304383e-01
3.973986993496747891e+04,-2.235192118249725302e-01
3.975987993996998557e+04,-2.235192892314479540e-01
3.977988994497248495e+04,-2.235193664887952791e-01
3.979989994997498434e+04,-2.235194435975540739e-01
3.981990995497749100e+04,-2.235195205582651279e-01
3.983991995997999038e+04,-2.235195973714704520e-01
3.985992996498248976e+04,-2.235196740377127234e-01
3.987993996998498915e+04,-2.235197505575355903e-01
3.989994997498749581e+04,-2.235198269314834230e-01
3.991995997998999519e+04,-2.235199031601012298e-01
3.993996998499249457e+04,-2.235199792439344357e-01
3.995997998999500123e+04,-2.235200551835291594e-01
3.997998999499750062e+04,-2.235201309794316304e-01
4.000000000000000000e+04,-2.235202066321884673e-01
